AREACD,AREANM,Name1,Name2,Name3,Name4,Name5,Name6,Name7,Name8,Name9,Name10,Name11,Name12,Name13,Name14,Name15,Name16,Name17,Name18,Name19,Name20,Name21,Name22,Name23,Name24,Name25,Name26,Name27,Name28,Name29,Name30,Name31,Name32,Name33,Name34,Name35,Name36,Name37,Name38,Name39,Name40,Name41,Name42,Name43,Name44,Name45,Name46,Name47,Name48,Name49,Name50,Name51,Name52,Name53,Name54,Name55,Name56,Name57,Name58,Name59,Name60,Name61,Name62,Name63,Name64,Name65,Name66,Name67,Name68,Name69,Name70,Name71,Name72,Name73,Name74,Name75,Name76,Name77,Name78,Name79,Name80,Name81,Name82,Name83,Name84,Name85,Name86,Name87,Name88,Name89,Name90,Name91,Name92,Name93,Name94,Name95,Name96,Name97,Name98,Name99,Name100,Total
E06000001,Hartlepool,3,,3,,7,,,6,6,,7,9,6,9,6,3,3,6,3,5,5,,6,4,8,5,,,3,4,6,4,3,,,3,8,7,4,,6,,6,,4,5,,,,,,,5,4,6,,9,6,4,,,,3,3,,3,,4,5,5,5,4,9,8,,,4,8,,,7,3,7,9,,6,7,5,7,5,,9,9,6,3,6,5,8,,,9
E06000002,Middlesbrough,7,9,4,8,8,7,,,,8,3,,,8,,,,8,6,4,3,8,,5,4,9,8,,,,4,,,5,,9,9,8,3,9,4,,6,8,7,4,5,3,,8,,6,,,9,3,,8,,5,8,6,,4,7,5,8,5,9,,5,9,4,,,9,,8,8,,,,,3,,9,8,6,4,8,,3,,6,5,7,,5,3,5,485
E06000003,Redcar and Cleveland,,9,3,4,5,8,,5,6,9,9,5,,5,4,5,7,4,8,7,8,7,5,,5,8,6,,8,8,,9,3,,,8,8,3,3,9,3,8,9,,8,4,,6,9,8,,,3,6,,7,7,3,,7,9,3,9,,8,5,,,3,4,4,,7,7,3,3,7,9,9,4,,,8,,,5,7,5,5,4,4,,,8,9,7,8,4,,8,799
E06000004,Stockton-on-Tees,,5,7,4,9,,3,,,5,,,6,6,9,7,3,9,8,,4,,4,,8,,,,,4,3,7,,6,,,,3,,5,,,3,4,6,,7,,,4,,,4,,,6,8,5,3,4,6,3,3,6,3,5,6,,7,7,6,8,5,4,,,5,,,7,,4,,6,4,6,6,7,,3,,,,3,8,5,5,9,6,8,95
E06000005,Darlington,6,6,5,9,7,,,8,6,,9,,,3,5,,8,,6,5,8,,,,,6,,4,5,8,9,3,9,6,6,3,,,,,7,7,6,4,5,,,8,,,,4,,,,6,5,3,,7,,8,3,4,5,5,,8,3,,3,,,,9,3,3,,,,,,4,,,3,8,5,9,5,9,5,8,5,,,8,7,4,,853
E06000006,Halton,,5,4,8,3,,,9,9,,9,,,5,3,6,,8,3,9,3,,4,,6,7,,4,3,,4,,,,,7,6,3,8,7,,,7,,4,8,4,4,,3,9,,6,,6,5,7,,9,9,7,6,,,9,4,,,3,7,6,,7,7,4,8,8,3,8,7,8,7,4,,3,5,4,3,5,7,,3,4,7,8,9,8,6,4,6,399
E06000007,Warrington,8,8,7,5,8,6,8,9,5,9,,,7,,6,5,,8,,8,3,8,,3,9,8,,8,,3,7,6,8,5,8,3,6,8,7,,,,,6,4,7,,,3,,,4,,7,,4,5,,3,8,8,,8,,6,4,9,,4,9,,3,,5,,8,,,4,6,,,6,4,,7,,3,,8,,7,5,,,3,8,7,,,39
E06000008,Blackburn with Darwen,,4,5,,3,7,6,,,,,,,7,,6,8,,4,,6,8,7,,,9,8,7,5,,,,3,6,6,9,5,9,3,,6,,6,8,,9,,6,6,8,3,,5,4,8,,,3,3,4,,4,,,,,7,,,3,8,5,9,3,6,,4,5,8,6,,,,,8,7,,,8,7,6,9,3,,,6,4,,,,45
E06000009,Blackpool,5,,3,9,,,,,,4,7,8,8,,7,5,8,7,,5,,7,8,5,,,,8,5,,,8,,7,,,9,7,8,,7,8,9,,9,6,9,,7,3,,7,,7,7,,,,,3,,8,7,,3,,,8,6,6,9,7,,,6,8,6,,8,7,4,,5,7,7,4,9,4,4,3,3,4,,,5,,6,,,7,486
E06000010,"Kingston upon Hull, City of",3,8,8,9,,,9,8,,,5,,9,7,6,,5,4,8,,,3,,,,7,,,8,8,,9,,4,,7,4,7,7,,4,,3,5,,8,5,7,9,5,,,,,,,,4,,5,3,4,5,3,,7,4,6,6,8,,,6,6,8,4,3,,4,3,4,4,,7,6,,7,,4,8,4,7,6,7,9,,,8,6,9,998
E06000011,East Riding of Yorkshire,6,8,9,7,7,,5,8,7,3,8,9,,,,4,5,5,4,8,,8,9,,,,4,9,5,,8,9,6,,4,9,8,4,5,,,,9,3,8,7,4,,8,8,,3,,,9,4,,8,,7,6,9,,3,,8,8,6,4,7,6,3,6,,5,,,7,7,8,8,9,4,,3,5,,9,,9,,,3,9,7,6,5,,,,68
E06000012,North East Lincolnshire,4,4,3,7,,,,5,,8,8,8,,9,4,8,6,6,8,8,4,,5,8,3,9,,8,3,5,9,9,4,,5,3,7,3,8,,,3,8,7,,7,8,,5,7,9,5,3,,4,,,7,9,,,,5,,7,,9,5,,7,9,5,,8,8,6,8,4,,4,3,7,3,9,6,6,4,9,9,6,5,6,,4,,9,,5,,,43
E06000013,North Lincolnshire,7,,9,5,,,,4,3,6,,3,4,,,8,,9,6,,5,,,9,8,,6,3,7,6,,4,3,9,5,9,9,7,5,3,3,,8,9,7,5,,7,3,,,,5,,,,,3,9,,8,9,,,,6,7,7,9,9,,,,8,4,5,,,5,,5,4,,3,7,,9,9,3,6,3,,,,8,8,5,5,,,95
E06000014,York,7,9,,5,5,7,8,5,4,4,8,,,,7,9,9,7,6,6,7,4,5,3,8,8,9,5,,5,9,,5,,9,3,8,,8,8,4,,7,,4,8,3,4,,5,3,3,,,5,9,,,3,7,8,8,7,8,,,8,9,,8,,,,,,,,,,,5,9,,8,4,,,6,4,8,5,8,6,8,9,,7,,,,868
E06000015,Derby,8,,9,6,3,3,,3,9,8,,6,7,8,9,8,,6,7,,3,6,8,3,3,,5,8,9,7,8,7,7,6,,4,7,9,4,4,9,7,7,,9,,9,5,,,,,6,,8,4,5,6,9,4,9,,,,,,6,7,5,,,,,,,4,9,3,6,3,,4,,,,3,,,7,7,,,7,6,4,7,4,,6,,555
E06000016,Leicester,6,,6,5,9,8,,,,3,7,,8,6,9,9,3,9,3,5,9,3,,8,,,9,,,,,6,3,,,6,3,3,4,8,9,4,3,,,5,,6,9,8,3,,,,9,9,5,4,,,6,9,,4,7,,4,,9,4,,7,9,,8,,7,,7,4,,6,7,,,,8,,,,,,,6,3,,6,3,,9,435
E06000017,Rutland,7,,9,5,8,9,6,4,6,5,9,3,9,6,9,,7,5,,9,,,,8,9,4,6,5,,9,,8,3,9,7,,6,6,,,7,9,7,3,4,7,5,9,4,7,4,4,,,9,,,7,6,,,,6,6,7,5,,6,8,3,,3,,6,4,,,7,,,7,5,6,5,,9,8,8,7,6,5,4,5,8,4,,,4,3,5,48
E06000018,Nottingham,,6,5,8,,8,,8,,,4,,6,,8,4,8,,,4,5,,7,,7,5,6,3,,,8,,,6,4,8,8,,9,,,6,,,8,4,,4,8,4,8,5,,9,,7,,,7,,9,,,7,3,,,3,,,5,5,3,,3,5,4,,3,8,,7,,3,,,3,,,4,,7,5,4,6,,,8,7,9,87
E06000019,"Herefordshire, County of",5,5,4,,,,,5,,4,6,4,,,,,6,,7,8,6,3,,,5,,5,,7,7,5,,,8,6,3,8,4,6,4,7,,,,8,,,9,8,4,3,,8,5,7,7,5,,9,4,7,8,,3,3,5,5,3,5,,8,,5,5,5,5,,,6,3,8,4,5,6,7,,9,7,,,,,,4,,7,,7,,7,573
E06000020,Telford and Wrekin,4,,9,8,,8,,5,5,3,,3,3,9,5,,8,,,,6,6,4,7,7,3,8,3,9,,,,9,8,,6,,6,8,9,4,9,,6,7,3,3,,3,7,3,,,9,6,4,3,3,9,3,,7,5,7,7,,3,6,4,,6,7,,8,,7,8,4,3,7,8,9,5,5,,4,,,7,,,4,6,3,5,,,7,6,5,5
E06000021,Stoke-on-Trent,,9,3,,9,9,6,7,,8,6,,3,9,8,7,5,,,3,7,9,,9,9,9,,7,9,5,,4,,3,8,,6,,6,5,6,,,8,6,6,,,,7,6,7,,6,7,8,,5,6,,6,6,6,4,,,6,8,,4,7,7,5,9,8,3,,,5,9,6,6,,5,,5,,,4,4,6,4,8,7,8,4,7,,,,
E06000022,Bath and North East Somerset,4,4,,4,6,,,8,9,,5,8,,4,9,,7,7,5,8,6,8,5,,8,5,4,6,4,5,5,9,9,6,9,3,5,6,9,,3,4,,8,3,6,7,4,6,5,4,6,,6,5,,7,8,3,6,5,9,3,,,5,6,7,3,7,5,6,9,3,,,,,9,,,5,5,,3,7,,6,,,7,5,6,8,,7,6,4,7,,4
E06000023,"Bristol, City of",,,5,7,8,,3,,,,,4,,,,8,7,,3,3,3,4,9,8,3,8,4,4,,7,,4,7,8,,,4,8,9,8,,9,7,,,7,3,4,4,,,7,7,7,9,3,5,,,3,5,7,,5,3,3,7,,,8,7,7,,5,6,,6,,3,3,4,,6,,4,,,,,,7,8,,8,7,4,4,4,,6,89
E06000024,North Somerset,7,9,8,9,,,,,3,9,,8,,8,9,7,3,4,,4,3,6,,4,4,,8,,,3,3,4,,3,,8,4,,8,7,7,9,6,4,,8,,9,3,8,8,9,,,,,3,,6,6,7,,7,6,7,,,4,3,6,3,6,9,9,7,4,,8,,6,9,5,6,4,5,4,,,5,7,3,7,,,3,6,,,4,,67
E06000025,South Gloucestershire,,,,9,7,7,6,6,8,6,4,6,,,8,4,7,9,6,7,6,6,5,9,6,7,,,6,9,6,9,4,,,,6,5,7,8,6,,3,4,4,,4,4,,,8,4,,,9,8,,6,4,,6,,,5,3,3,8,8,8,,9,9,,4,3,,8,,3,8,9,,8,,,9,,,,9,,8,3,9,8,,4,8,3,8,696
E06000026,Plymouth,,,,6,,,6,,8,3,8,,4,8,7,4,9,,5,7,9,,5,,,9,,5,,5,4,3,4,,8,4,,,8,,9,4,9,5,,9,7,5,7,,3,,4,7,4,3,,8,,,8,,6,4,8,,3,9,3,8,5,,4,6,5,9,8,7,,4,,,9,,7,,5,8,3,,8,,,9,9,,,3,5,5,635
E06000027,Torbay,7,5,6,,,4,7,5,3,6,,4,7,8,3,5,6,,8,7,,4,7,7,,8,4,6,9,,,7,7,,,8,5,,7,,,7,,5,,9,,3,,9,,9,6,4,8,6,6,9,7,8,4,5,,4,,9,5,3,9,5,,9,8,8,4,,8,5,5,7,9,4,9,8,6,,,9,9,3,7,,6,,6,8,4,,,,463
E06000028,Bournemouth,4,,,7,9,,,4,7,,6,,8,6,9,8,3,3,6,3,5,,7,4,,3,,4,,4,8,5,9,4,3,,,8,,,9,,,6,5,9,7,9,3,,,3,,9,5,,3,3,6,,7,6,9,7,,3,,9,,,8,9,,,4,,8,6,5,8,7,,4,,,4,,7,,6,,9,4,3,9,,,8,5,,76
E06000029,Poole,7,4,3,8,9,,3,,,,,6,3,3,3,4,,,6,7,4,,4,,7,5,,3,5,4,4,6,,6,4,8,4,8,9,,5,4,8,,,5,7,4,6,4,,,7,5,9,6,6,9,4,,3,4,6,7,9,,3,,6,5,7,6,4,7,3,3,,,,9,3,8,3,6,3,,,9,4,,,7,4,5,9,,,7,5,5,78
E06000030,Swindon,4,9,,,6,5,7,9,,3,7,5,6,8,,9,5,,8,9,,,4,,8,8,,,6,,4,9,3,,8,,3,4,4,3,6,4,,4,,,9,3,5,5,,5,9,6,9,3,3,9,,,,5,8,6,9,7,4,5,3,,7,,,,6,,9,,3,9,4,7,5,6,7,3,,5,,7,,5,,5,9,4,6,4,5,9,68
E06000031,Peterborough,,8,,8,,8,7,,5,5,7,5,9,8,3,9,8,,5,,7,,,,7,,,6,6,,7,,6,4,,8,,,8,3,4,9,7,6,,7,,,,,,4,6,,,6,4,3,3,,8,,,5,,4,4,,5,5,6,7,5,,,,8,,4,7,4,,,3,7,5,5,7,5,4,4,3,6,,,,3,4,,3,93
E06000032,Luton,6,,9,,5,,,3,9,5,9,,6,8,6,9,6,,,4,3,9,5,7,4,,4,,6,9,8,5,,7,7,5,,,,,,,6,9,5,,,3,7,5,,,,4,6,7,,4,6,,7,6,5,,9,,5,7,5,,,3,,3,,4,7,,3,,,,,5,7,7,7,,,,5,7,6,5,9,5,3,6,5,5,
E06000033,Southend-on-Sea,4,7,8,,8,4,,7,8,,3,,7,,6,,5,,5,,,6,,5,,4,7,5,3,3,3,9,6,,4,,,,7,4,3,,,7,4,,8,9,4,,,3,7,5,6,3,,,5,5,6,8,,4,,,,4,4,9,9,7,3,,,,,9,7,,4,5,3,3,,6,7,9,6,9,9,,9,4,7,,,7,8,6,48
E06000034,Thurrock,3,5,,,5,,8,,,,3,6,6,,7,5,,5,9,6,3,6,8,,9,,,,6,3,7,,5,5,5,,,8,9,,6,,,4,,,,4,4,7,4,,3,6,,,,3,,3,4,7,4,8,,6,,,,7,9,5,4,5,,,5,8,6,8,6,7,6,,,,5,8,,4,3,6,,3,7,5,,,8,4,5
E06000035,Medway,,5,9,3,9,,3,3,,3,9,9,,9,7,6,6,6,8,,,,7,,7,,,7,5,,8,9,4,,5,,3,,4,3,8,8,3,,,5,,9,,,8,5,9,3,8,3,4,9,9,,7,,3,,,4,8,8,5,,3,,5,,5,3,8,,7,5,,,3,9,8,5,9,4,5,,8,,,7,,3,,5,,,46
E06000036,Bracknell Forest,,6,,,9,9,,5,,5,,7,,9,8,7,6,9,,,6,,4,3,5,,,7,9,7,9,,,8,,8,,6,,,6,8,8,,,,6,3,9,,5,,8,8,8,6,,8,3,,5,6,,5,4,8,4,,3,,8,5,9,9,8,,,5,6,7,7,,,5,3,6,7,,,,6,7,7,,6,4,4,4,4,3,54
E06000037,West Berkshire,9,3,,8,6,6,4,4,,7,,,5,6,9,,,,,3,,9,,,3,8,,8,3,6,5,,,,7,6,,3,,,6,4,,,4,,,9,9,,,,5,9,6,4,6,,8,,,,7,6,4,7,,7,7,3,,5,,,5,7,,4,9,7,,3,9,5,4,4,5,8,3,,4,,7,5,8,4,,6,7,3,9
E06000038,Reading,7,,8,4,8,,,4,7,4,,5,,,6,3,8,3,,,,8,9,9,,6,,9,8,3,8,,3,9,,5,,9,3,9,7,7,,,5,,7,,5,5,,5,,,8,,9,8,9,6,,4,,,6,8,,,8,9,8,3,8,,7,,4,8,,9,,5,4,,9,9,,5,7,7,,5,5,3,,3,5,8,8,,85
E06000039,Slough,8,3,9,,7,4,8,,6,,6,4,7,,4,,6,,7,,6,7,5,5,9,8,7,9,8,,7,,,4,4,,4,9,,7,,4,,3,6,7,6,5,9,,7,,6,3,,5,4,6,5,7,8,6,9,3,7,8,4,5,9,8,6,,,,,3,6,3,9,,8,7,6,,,4,5,8,,,7,6,9,7,6,6,,6,,7,639
E06000040,Windsor and Maidenhead,6,,3,,8,5,6,,3,4,7,6,,,,7,4,,6,,4,4,3,,3,3,9,,,9,,6,4,6,6,,5,,5,6,,4,,4,,7,9,7,8,4,3,7,,8,8,9,7,9,8,3,3,,9,,,4,7,,,4,6,5,8,6,,7,,,8,3,,7,,,7,3,8,3,,8,3,5,9,8,,4,6,,4,,38
E06000041,Wokingham,4,4,,8,5,3,,4,6,7,4,7,5,3,,,4,,,3,5,3,4,3,9,8,,9,8,5,5,7,,9,8,3,9,,6,5,8,4,,4,3,9,3,9,9,4,4,6,,4,4,,,5,,6,3,,8,5,9,,,,9,8,4,5,7,5,5,7,,3,3,4,9,5,7,,,,,6,,,4,4,,,5,9,9,,,,983
E06000042,Milton Keynes,,,,6,,4,,,5,8,5,8,5,6,,3,,5,9,6,6,9,,5,,7,5,7,5,3,,3,8,,3,,7,9,,7,5,,8,6,8,3,,8,4,5,8,8,4,9,9,,4,9,6,4,6,6,,3,6,,8,,4,3,5,9,6,3,6,4,,,9,,4,9,,,,9,6,6,6,,,,9,8,,5,,3,7,7,8
E06000043,Brighton and Hove,,4,,9,,8,4,3,6,7,7,3,3,6,,4,9,5,,,,,,8,,3,,,4,,4,9,7,,9,7,,4,6,9,8,4,,8,4,5,7,,5,,7,7,,,7,,6,,4,9,,9,8,,3,5,4,7,,7,9,4,3,5,9,,,,7,7,9,6,,5,3,6,5,3,5,3,,5,3,7,3,7,,6,3,8,9
E06000044,Portsmouth,5,6,3,9,8,8,5,,4,,5,7,7,8,,,4,4,8,3,9,8,6,6,,8,6,,7,7,6,8,5,,7,,7,9,,,8,5,6,7,3,,,6,7,,5,,5,4,7,5,,,,,,,,9,,4,4,,5,6,,8,3,7,3,9,3,4,,,4,9,8,8,,5,5,4,,,,7,6,4,4,5,3,5,4,8,533
E06000045,Southampton,,7,,,5,,,4,,,8,9,4,6,8,3,,,7,7,,6,3,,3,6,,6,6,5,,6,,,9,7,5,,6,9,7,7,7,3,6,3,9,5,,4,5,8,4,7,,,7,6,6,3,,6,8,5,,,,9,3,,8,5,9,4,8,9,9,,6,,4,7,,6,4,8,6,,,,7,9,6,,3,4,8,8,,,5
E06000046,Isle of Wight,6,6,3,,,,8,8,,,8,7,,8,,5,5,3,5,7,3,7,8,5,7,,9,,,,7,9,5,,8,8,9,,3,4,6,,9,6,,7,7,5,3,7,9,8,8,6,,,6,,9,7,,6,8,8,3,7,3,,8,,4,,3,6,7,,3,6,5,,3,3,8,6,7,,,8,6,3,8,3,6,,4,,9,,,,866
E06000047,County Durham,,3,3,,8,4,8,7,6,9,3,8,9,9,,9,8,5,9,3,5,8,9,4,3,,8,6,8,8,8,4,,,,3,4,5,5,,,8,3,3,,,9,,,4,5,4,9,9,,,8,5,3,5,9,4,9,8,,4,4,,6,3,4,5,8,6,7,,9,9,3,,,,,,9,8,3,,4,,,7,4,7,6,6,4,,5,7,67
E06000049,Cheshire East,5,9,5,,6,9,6,,7,6,,3,,6,,7,3,9,,5,7,6,7,5,4,9,9,4,4,,7,6,,4,8,9,,,4,3,,,3,3,4,,,7,7,7,4,8,9,,8,7,,4,9,,7,7,6,,4,4,,9,6,4,5,,8,9,,,,5,,4,5,,5,5,8,6,6,7,3,5,5,,,6,9,9,,9,5,9,6
E06000050,Cheshire West and Chester,4,6,,7,7,,7,,,,5,,5,5,8,,9,,,7,,6,8,5,8,9,6,,4,,3,6,6,8,,4,5,8,8,4,7,,,6,3,,4,9,,,6,6,,4,9,,7,7,8,6,7,8,,,3,5,3,4,,,9,3,,,4,8,,3,7,,9,5,,3,5,,8,,6,4,9,7,5,8,3,3,6,,,,596
E06000051,Shropshire,9,6,5,6,,5,6,7,6,8,7,7,6,7,6,,,9,9,,7,3,,7,,4,3,3,,,7,5,9,,,,5,6,,7,6,9,4,5,9,7,9,5,5,8,,,8,3,8,5,,6,9,3,5,9,,7,4,,9,3,6,5,4,9,8,,3,,5,3,,9,8,6,5,8,3,3,,,,5,8,,,6,,4,,9,,5,743
E06000052,Cornwall,,9,,8,7,,3,4,6,,,,3,5,5,8,4,9,5,,,3,,8,6,3,,7,3,5,9,,,6,,,,7,,8,4,,7,,,,9,,,,,,7,8,,7,,3,,5,,6,,6,9,6,,,5,9,4,,4,,,3,9,7,9,8,,5,3,5,,3,6,9,6,3,3,7,5,6,9,3,9,8,4,4,58
E06000054,Wiltshire,,4,6,9,8,,8,8,,,,,5,6,,8,6,,7,6,,9,9,,6,7,4,5,,,6,4,3,4,,,,8,,7,6,,8,6,9,4,6,,5,,4,5,8,6,,,8,7,7,,,4,7,,7,6,,7,8,6,4,3,,7,4,,9,7,9,,8,4,4,6,9,4,7,5,,4,4,9,4,5,6,8,,9,,9,88
E06000055,Bedford,9,8,4,9,5,8,8,5,7,7,,5,9,3,3,9,,,3,,,,,,7,4,6,,6,,4,,7,9,4,,,4,9,3,8,,,,6,8,,,8,6,9,,8,7,3,,7,,8,,,,5,9,8,,8,8,,,8,,6,,,,,3,5,7,5,6,,5,7,5,,5,8,,9,8,3,5,8,,7,7,7,4,53
E06000056,Central Bedfordshire,8,7,,,7,9,5,,5,,6,8,,9,,,5,8,6,7,5,6,6,9,,8,3,6,8,,3,3,8,7,,9,5,7,8,7,6,4,7,6,3,7,6,,,,,5,,,9,7,,,,5,,4,3,5,7,6,6,6,6,4,3,7,,4,,6,5,8,5,5,4,5,,,8,7,9,3,8,3,,,3,3,3,,3,6,8,9,69
E06000057,Northumberland,8,9,5,,,,8,,7,,9,6,9,4,6,3,,9,3,,3,7,5,3,3,3,,8,9,6,9,7,,6,,,,5,,7,3,8,5,8,4,8,6,9,7,,5,,6,,5,7,3,,8,4,,,,,6,,3,6,6,5,3,,,5,6,9,7,4,,,8,,6,,,3,5,,7,,,3,,,,4,4,9,,8,793
E07000004,Aylesbury Vale,6,9,7,7,,5,8,3,3,9,5,3,7,8,3,,6,9,8,,,,6,3,9,,,4,,,6,,,,,5,5,9,3,,,,,5,3,8,6,9,6,8,,5,8,,8,7,9,5,4,3,6,3,6,6,,,8,,,9,,5,9,,7,4,,,,3,,4,4,3,,3,,,4,5,3,8,4,4,4,9,6,,,6,53
E07000005,Chiltern,7,5,,9,,,,8,3,7,,,5,,6,6,9,3,8,,5,,8,,,8,,4,4,7,3,,,7,8,3,4,7,,5,,,,3,9,9,,,5,,6,9,6,8,5,,8,,,8,,,9,7,7,6,5,7,5,,,7,,8,5,9,,,,,7,3,,6,4,9,3,3,,,,6,5,5,7,4,9,,4,3,7
E07000006,South Bucks,,,,,,,3,3,,,3,7,7,,3,7,4,5,9,7,4,4,7,,6,5,,,4,,7,,3,8,9,6,,4,4,6,9,9,4,,,,,,,3,,5,7,,,7,,7,,7,,,4,9,,,,5,4,,,,6,9,,7,4,7,5,9,9,5,,9,3,5,,,8,3,6,7,3,7,6,8,,3,5,8,37
E07000007,Wycombe,8,6,,7,7,4,7,,9,6,3,,7,4,,7,4,,,,,3,5,3,6,,6,3,,,,,,7,6,3,9,3,3,8,,,8,7,9,8,,7,6,3,3,8,,5,,8,9,9,5,9,5,6,8,9,4,4,9,,,9,6,6,,6,4,,6,,9,,8,7,4,3,,3,3,7,,4,5,,8,5,3,4,8,,,3,44
E07000008,Cambridge,6,5,5,3,7,9,8,8,,7,3,,,8,9,,5,3,7,,,,8,,3,8,3,,5,6,,3,,5,,,5,5,9,7,8,5,9,,7,4,5,,,6,5,9,,8,4,5,7,5,8,6,9,6,8,5,8,,3,4,3,,,4,,,8,9,,8,5,8,4,,,5,,,3,9,8,4,4,7,8,8,5,7,,6,,5,877
E07000009,East Cambridgeshire,8,,4,6,7,4,3,6,4,,3,,3,6,9,4,3,,8,3,5,3,3,,9,7,7,,,,,6,,,6,3,9,,,6,,7,3,,6,,,6,,6,,4,7,6,9,3,9,,6,9,6,3,8,,,,,8,,,,,9,9,,7,,8,,,,3,8,8,5,,5,4,4,7,,7,5,,7,3,6,6,5,,334
E07000010,Fenland,,,,9,,6,9,6,8,,5,,,,,4,4,,4,,4,9,9,3,4,6,7,8,9,7,6,6,,3,,4,,9,6,3,5,,5,7,6,8,8,,,,4,,9,,,6,7,7,8,6,3,5,5,,4,6,3,8,,7,7,8,5,,7,8,7,,8,9,5,,7,3,4,7,,,,4,9,3,7,3,,,,3,,6,99
E07000011,Huntingdonshire,,8,,8,9,3,8,,,3,3,6,5,8,,5,9,7,3,4,4,,4,,4,,6,,6,7,9,,5,,6,,,6,,4,8,9,9,6,4,,7,6,7,,6,3,,4,,,,9,6,,7,,7,9,7,3,5,3,,8,,5,4,5,3,5,3,6,,6,4,5,,9,,3,4,3,8,6,9,,,5,7,3,9,9,8,,45
E07000012,South Cambridgeshire,7,,,3,,7,,8,9,8,3,8,7,,7,8,7,,8,5,4,8,,4,,4,,,7,3,6,9,8,9,7,,8,,4,4,9,3,7,5,5,4,3,9,9,4,,9,,9,8,3,7,5,6,9,,9,,8,,,3,,,,6,,4,,,6,,5,8,5,8,,6,6,5,7,,6,,3,4,4,,8,,,7,,9,5,37
E07000026,Allerdale,,,6,6,,4,8,8,,5,,3,3,,7,5,,6,5,3,7,7,8,9,3,,5,8,3,,4,6,3,7,,,7,,8,,5,4,9,7,5,3,6,4,,,,,,9,8,,5,6,8,5,7,8,6,7,6,8,6,,,8,8,3,3,5,4,8,7,,,4,,,7,8,6,9,9,,,8,8,6,8,4,8,,6,6,9,,75
E07000027,Barrow-in-Furness,,9,7,3,6,,9,5,,6,,6,5,5,,,5,5,,6,3,,3,8,8,3,8,,,,5,4,5,7,8,7,6,7,,,7,,,4,4,5,,3,5,6,,4,9,7,8,7,,3,3,7,9,4,6,,,4,8,8,,9,8,3,4,7,6,,3,8,9,5,9,3,,7,3,,4,5,4,6,,,,6,,8,,8,,4,36
E07000028,Carlisle,9,4,,,8,,,9,5,6,9,5,9,9,4,,5,5,9,,,6,4,7,9,8,,8,7,,,8,7,4,7,6,,6,9,,4,3,,5,9,4,4,,3,5,8,,6,8,,,3,9,3,3,7,9,9,4,,3,7,6,4,,,9,9,,5,,,,3,6,4,5,3,,7,,,5,,7,4,7,4,,5,9,7,7,4,8,88
E07000029,Copeland,4,,9,,5,3,,9,3,9,9,,,,9,4,8,4,,4,,4,,8,7,,6,3,8,,6,5,3,4,7,,,,3,,8,6,4,,9,9,,3,3,,,9,,4,6,,5,5,4,6,4,5,4,6,3,,9,4,,7,5,,3,,,7,6,,,,4,,4,9,3,8,,8,3,3,,,4,6,6,,5,9,3,5,369
E07000030,Eden,7,6,,6,,7,,9,9,6,3,7,6,,6,6,6,,7,,9,8,,6,8,,,8,9,4,3,5,6,4,3,5,7,4,9,4,6,,,,6,9,3,,,,,4,5,5,5,7,9,,7,8,,,,4,3,,,7,,8,4,3,5,,,8,9,3,3,9,,,,,5,,,3,7,,,,8,4,,,5,8,5,9,669
E07000031,South Lakeland,4,6,,9,7,4,,4,3,5,,5,5,6,3,6,6,6,,3,,3,6,,9,,6,3,,8,,3,,,4,3,7,,5,4,,3,9,4,5,,,9,6,3,8,5,6,7,9,8,,3,6,,5,9,,,3,3,4,6,4,3,7,5,5,,6,8,6,6,,4,6,,3,4,8,5,3,5,8,6,8,,6,,7,6,7,,,3,554
E07000032,Amber Valley,,3,6,9,9,8,7,6,5,9,,,,9,,,,5,6,,3,6,7,7,8,8,,5,3,5,6,6,9,,,8,,9,3,9,5,3,6,,,,9,8,3,,,,,,,7,,5,7,9,5,9,7,,8,5,,,,3,9,8,4,,,7,9,,5,5,9,,,7,,,3,,,,,9,4,,9,,6,7,,3,393
E07000033,Bolsover,,8,5,,9,,6,5,6,8,4,8,4,8,,,,5,8,3,6,3,,,4,5,,4,4,5,5,,8,5,6,,,3,,,7,3,4,5,,,9,9,7,,7,,,,4,,,,3,7,4,9,9,3,9,9,3,7,8,8,3,8,,4,9,6,,,7,,7,9,,,,5,4,7,8,,9,8,3,3,,4,9,7,6,,348
E07000034,Chesterfield,6,5,,,,6,5,,3,,7,9,6,3,,9,,7,5,9,6,6,5,,,6,,7,,9,4,8,9,6,5,7,3,8,4,8,9,7,9,3,4,9,,5,6,5,8,5,3,5,4,4,,5,8,9,,,,4,,,7,8,4,5,8,,6,3,9,5,3,,,,,7,3,9,9,8,5,7,5,5,,,,,7,4,,,9,7,753
E07000035,Derbyshire Dales,,,6,,6,6,,7,,,9,9,,3,,,,5,8,,7,9,,,8,4,6,7,3,,,4,6,9,8,,9,4,,,,7,6,5,,9,,7,,,7,8,,8,,,,,,,,6,5,9,3,3,,9,,,4,9,,6,5,5,3,9,6,,8,3,,9,3,,9,,4,,4,9,,5,9,9,9,4,9,,43
E07000036,Erewash,,6,7,3,,9,7,4,9,4,5,,9,3,7,5,,9,7,,,,6,9,6,6,7,6,3,3,,7,,3,,9,5,9,,7,8,4,6,8,8,8,7,3,,,4,5,7,4,,,5,,9,,6,6,4,4,3,3,6,3,8,8,,8,,3,8,,,8,,7,,6,3,7,3,4,8,4,,3,5,8,4,7,5,7,8,3,7,4,6
E07000037,High Peak,,3,3,,,,6,,,4,5,9,6,6,5,7,5,7,9,7,6,,,6,9,,4,,7,,4,3,5,,,,,3,,6,,,3,9,6,3,,,,,5,4,4,4,8,5,6,3,6,8,4,5,6,6,4,3,6,8,4,8,6,8,8,5,4,4,8,7,3,9,6,6,,5,8,,8,7,7,3,4,9,3,8,3,7,6,7,7,5,5
E07000038,North East Derbyshire,3,5,,,7,9,7,3,,6,7,6,6,3,3,5,8,8,,,3,6,5,9,,3,5,5,9,,,,7,4,8,3,,,9,6,,4,,,5,,9,8,6,8,,,6,8,,,,5,,6,8,3,3,6,,4,6,6,3,6,,,4,9,3,,,7,7,3,,,,,,,7,,,,9,3,8,5,,9,7,,9,,389
E07000039,South Derbyshire,4,4,7,,6,4,7,4,4,9,6,4,7,,4,4,,5,6,,6,5,5,7,6,4,8,3,5,,,,,6,,8,8,,,3,5,5,3,6,6,8,4,5,,,9,,4,8,9,7,3,,9,,8,4,8,9,6,6,8,,8,7,4,3,3,9,,,7,,,9,6,3,,9,6,,,9,5,4,4,7,5,9,5,,,,,,635
E07000040,East Devon,8,5,3,3,8,,5,,,,5,8,,5,6,3,7,6,5,9,9,,,9,,,7,4,5,8,8,,5,4,,9,3,7,8,6,3,,8,4,3,,3,5,,,,,8,,,8,5,,8,4,4,,,4,5,4,9,,,6,3,5,3,6,9,6,,5,3,,8,3,8,9,,6,7,6,6,7,5,6,,,8,,9,8,4,6,484
E07000041,Exeter,8,6,,5,,,3,,8,,,7,9,,9,9,8,,,5,,8,,8,8,8,4,7,6,,,,4,,7,8,4,9,,,,7,,8,,9,,7,9,4,5,,,8,4,8,9,6,5,8,8,5,,,7,4,5,8,5,4,9,4,,,8,,7,7,3,9,7,,8,8,,,,,5,9,9,,8,5,9,7,7,4,7,3,463
E07000042,Mid Devon,7,,6,8,5,3,7,6,,9,,4,,,4,8,4,9,4,4,7,5,4,,3,,5,,4,9,8,8,9,8,,9,,,,4,9,3,,9,5,9,9,9,,3,8,8,,6,8,9,4,,4,8,,8,3,4,7,,,7,,,,4,6,5,7,6,,7,,9,,,8,4,8,3,,9,4,7,,8,4,,5,6,8,4,9,,897
E07000043,North Devon,3,5,6,,3,3,9,8,,,8,,8,4,,9,5,8,8,,8,,,5,8,,4,,3,7,9,4,,4,8,4,,,,3,7,,,,,9,,,7,,4,7,,9,,5,7,6,5,4,6,3,5,,,,,,4,,6,5,9,8,7,4,5,9,5,,4,,9,,,,5,,9,5,,6,,3,9,3,5,7,7,6,5
E07000044,South Hams,6,8,5,4,9,,,9,,,3,4,6,,8,7,,,,7,9,6,8,,,,9,9,7,7,9,5,,3,4,7,8,7,4,8,9,,5,8,6,7,4,7,,9,4,3,,8,,8,,4,6,,,8,4,,7,8,6,,6,8,4,7,9,9,,4,3,,9,,,7,,6,3,4,5,4,,8,8,9,,5,8,5,6,6,,6,84
E07000045,Teignbridge,,6,,,4,8,4,8,7,6,7,9,,8,,,4,9,6,4,5,,,,7,,4,8,9,,,,4,,,3,,9,,4,,3,6,,,3,,5,4,8,5,5,4,3,,7,,6,9,8,,9,4,,8,5,8,3,8,5,,6,5,,6,3,9,8,,6,7,6,7,8,,,7,5,3,4,4,8,,8,5,7,5,6,,,44
E07000046,Torridge,3,8,6,3,6,,6,,3,7,3,,7,5,4,3,3,4,5,8,,3,,9,9,,7,6,,9,3,,7,6,,,8,3,,4,,7,9,8,5,9,7,4,3,6,8,,8,6,9,5,3,4,5,,,5,3,7,8,5,8,4,7,8,6,,4,7,3,7,5,8,8,9,7,7,6,5,3,8,,6,9,,7,4,,,5,8,5,,8,6,473
E07000047,West Devon,6,6,8,4,6,,9,3,3,9,,4,7,6,,9,3,,8,6,7,4,,6,9,,9,7,7,7,,4,8,6,7,8,9,4,5,,5,5,8,,6,,,,3,,,8,4,,5,,7,,,,8,,,6,4,,5,,,7,9,5,8,,7,9,8,,,3,9,5,9,9,6,9,6,,3,,6,,6,3,6,3,,7,8,4,48
E07000048,Christchurch,,,9,3,7,3,6,,5,,,8,7,9,,6,,6,4,4,9,,9,6,,,,5,5,,9,9,8,7,6,,3,,4,4,,3,3,8,,7,,,,,,3,8,5,5,,,3,,,7,8,3,3,4,5,7,3,5,5,6,9,,,,4,7,6,,6,3,3,,9,7,3,6,4,,6,7,9,9,5,8,8,,7,7,,553
E07000049,East Dorset,,9,,3,7,,7,3,6,6,9,4,8,3,,5,7,,9,6,9,5,,,3,,,3,3,3,7,6,,,,6,,3,,8,9,9,9,4,,,3,,5,,4,3,,,,,7,5,9,,,,5,,9,9,,6,,9,,8,,5,9,3,4,3,5,5,7,4,8,8,8,3,9,4,9,,6,,8,8,9,,,,,7,7
E07000050,North Dorset,7,7,8,,,6,9,9,3,7,,9,,,,,5,,8,5,5,4,,,3,5,5,6,7,5,6,5,,7,7,,9,7,8,,7,5,4,,,4,,6,,9,4,6,9,4,5,8,,7,4,7,7,,5,,,,3,,6,5,4,,6,7,,,9,7,6,,5,4,3,3,8,,8,3,,3,3,,,,3,7,,7,4,,97
E07000051,Purbeck,4,4,3,,,6,6,,3,,4,5,,7,3,7,9,3,,8,6,,6,,4,4,9,,7,5,,4,,,8,3,6,3,,4,3,,,5,5,5,3,,8,,8,,,,,9,6,,,6,9,9,4,8,4,,7,8,,5,6,6,9,9,,,8,9,,,,8,,,,8,9,8,,4,5,7,9,5,9,,7,6,6,5,69
E07000052,West Dorset,9,9,8,5,,6,5,9,5,,9,7,,9,,,,8,,6,7,5,,4,,,9,9,6,,6,5,5,4,6,5,6,,4,,9,7,9,3,3,,,,,,5,3,4,,8,3,9,,3,,,8,5,,4,5,9,,5,,,6,9,,,5,3,,5,4,,6,,7,5,,7,,,,4,8,4,6,,7,,6,7,5,335
E07000053,Weymouth and Portland,4,,,6,5,9,6,,8,,,9,8,5,7,4,8,7,9,3,3,5,,5,6,,7,4,5,9,3,8,,7,8,3,7,,,3,3,,5,7,4,,7,4,8,7,,8,,,8,,,9,8,,,9,,4,8,4,3,7,,6,9,5,,7,5,5,9,9,7,7,,,,5,5,4,4,7,8,,4,8,6,5,9,9,6,4,,,459
E07000061,Eastbourne,7,8,,,3,8,6,7,5,9,4,,6,4,4,8,3,7,7,,5,8,4,4,6,,7,5,3,,5,4,4,,9,,,6,,,,,,,,9,8,6,3,5,5,6,5,9,8,6,6,6,9,,3,,6,3,6,,5,,5,4,3,8,,4,8,5,8,,6,7,9,,7,9,5,,,9,3,,,4,6,4,,7,6,7,9,,45
E07000062,Hastings,3,,3,,,8,7,3,6,8,5,5,9,,9,,4,7,8,,4,,,4,,4,,9,,9,8,,,8,,,5,,4,5,7,6,,3,9,,7,6,,8,5,,,6,7,5,6,9,8,,5,9,,6,4,8,5,,5,6,4,6,9,,9,5,7,,8,9,,4,,6,,,5,5,6,4,7,5,9,,5,,,,5,5,67
E07000063,Lewes,,6,9,8,,9,,3,9,8,,8,,,,5,7,5,,3,9,,,7,3,,3,,4,4,3,6,6,4,4,6,4,,,,8,,3,,8,9,,8,,5,5,3,,,5,8,6,,6,8,4,3,7,,7,,8,7,7,,6,7,3,9,3,5,,5,,,3,9,6,,,9,5,7,4,6,,7,6,4,8,8,7,,,,3
E07000064,Rother,9,,3,,,,5,,,7,4,5,3,7,6,,7,7,,8,6,5,5,8,7,7,3,6,6,9,,,,3,9,3,9,7,3,9,6,8,,3,3,6,5,9,6,8,,8,7,9,5,4,,5,5,,4,8,6,,3,8,3,9,5,4,5,8,9,5,,9,4,4,5,,7,3,,,,3,8,9,8,,,8,,4,4,,,4,,6,466
E07000065,Wealden,4,3,,5,6,,,4,,3,,7,5,5,,6,,,,8,9,9,,,7,,6,,6,9,8,,5,,5,,6,7,,,,,4,7,7,4,3,5,9,6,8,5,9,5,,6,8,6,5,8,,6,,9,,,6,,,8,,4,9,6,4,5,,6,,7,3,4,,,,8,,9,,,,3,7,3,9,5,,4,,,44
E07000066,Basildon,,5,4,7,6,5,,8,3,,6,,,3,7,,5,,6,,4,,,9,8,8,,7,,8,9,5,5,,7,4,3,,,,6,,,4,7,,3,,,,,,4,8,7,,,7,,9,5,7,7,3,,5,,,,,5,4,7,,4,3,6,,3,5,8,4,3,7,4,,,,6,8,8,7,6,3,,8,4,6,,7,769
E07000067,Braintree,,3,,,,4,6,5,5,,,3,,7,3,9,9,8,6,8,9,8,5,4,5,7,9,6,6,,8,6,,7,,5,,6,,,4,4,,4,6,5,9,6,,6,,6,9,3,4,,8,,4,4,8,3,6,4,8,,8,,8,4,3,8,4,9,6,4,,,,,,6,3,,,6,7,4,,3,8,,8,6,3,9,6,7,,,764
E07000068,Brentwood,9,5,4,,,8,,,,,5,8,,4,8,,6,7,9,7,,5,8,,5,,5,8,,9,5,,,9,7,7,7,,,9,8,4,8,6,,9,8,,9,,,8,9,,8,6,8,5,5,4,,3,,,,,7,7,,6,8,,,3,9,4,,,5,8,5,,,,5,6,7,9,,5,9,,5,5,5,6,,9,7,3,597
E07000069,Castle Point,9,3,4,3,9,3,5,8,,,,6,4,,,,,,5,7,,5,7,,5,5,,8,3,5,,3,8,6,,9,3,,,6,6,,3,5,6,3,5,,,7,,9,,8,,4,,,,5,,8,,,,4,6,8,,,,3,,8,3,,,7,,6,6,6,3,7,,,5,,,3,7,4,,3,9,5,3,,8,7,8
E07000070,Chelmsford,8,8,,7,6,8,6,,,7,,,8,,,,9,,,,,8,,7,6,9,9,8,7,8,9,3,9,,9,8,5,6,8,3,,,9,6,8,7,8,,5,9,7,7,3,,,8,,5,,,3,5,9,8,,3,,5,4,5,,8,5,6,5,6,6,,7,,,,4,,6,4,,3,7,6,6,4,9,4,7,,,,,9,965
E07000071,Colchester,,,,3,9,7,6,9,,,,,8,8,3,,4,6,3,9,,5,6,8,5,4,5,9,7,,4,8,,3,5,,6,9,,,,3,,,6,5,,3,8,8,6,5,8,6,3,,,7,,,5,5,,,4,6,3,8,,7,5,,,,,5,,8,9,6,,8,,9,8,8,6,,,,9,,,4,5,5,5,6,7,9,985
E07000072,Epping Forest,4,5,,6,8,4,8,,,6,,,8,5,,7,7,,,9,,,,8,,,4,,,,7,,9,,,8,3,,7,8,8,9,3,8,7,,3,4,8,9,7,5,4,5,8,8,3,,3,,7,,8,,,,8,8,7,7,8,6,,,9,8,,,,7,5,7,7,9,7,,,8,3,,7,4,6,7,3,5,,8,6,5,879
E07000073,Harlow,9,5,3,7,5,4,8,,,4,8,4,8,6,8,6,,,5,,5,,,7,,4,8,4,,,8,,,4,,3,3,5,,,3,3,9,,,9,4,,6,,9,4,3,6,5,,4,5,7,,,,,6,,,3,5,6,5,3,3,7,9,5,9,,,,5,7,3,5,3,4,,7,8,7,,4,8,9,,7,8,9,5,,,48
E07000074,Maldon,,,,4,,3,5,9,,9,3,4,,7,,,,3,7,,,9,5,3,,,3,3,,3,,5,,,8,9,5,6,,,4,,,,4,,,8,7,7,4,6,8,3,5,,4,4,,7,9,,8,,4,9,4,3,,7,6,,,,7,5,6,4,9,3,8,8,3,,6,,8,,7,3,3,5,5,6,8,,9,5,6,4,435
E07000075,Rochford,6,,3,5,,8,,3,7,4,4,3,,4,4,8,3,8,,5,7,6,8,4,3,6,4,3,9,7,8,7,9,,6,7,9,,4,,,,4,4,5,9,,,,3,7,8,7,,5,3,,5,,,7,,5,,,5,4,5,8,6,,6,6,4,6,6,8,7,,6,9,,8,8,4,5,4,7,,7,3,5,,4,,6,6,,,5,999
E07000076,Tendring,7,5,7,7,3,,,8,3,9,4,7,5,,9,6,,,7,6,,9,,7,,5,3,5,7,3,5,7,5,5,3,4,7,8,,4,3,,3,9,8,,9,4,9,3,9,7,,4,7,,6,7,3,8,6,,5,7,,6,,5,3,7,6,6,5,8,,4,3,9,,,,9,7,9,8,9,,5,6,,9,,9,6,,,,,,,88
E07000077,Uttlesford,5,5,5,4,,4,,8,9,5,9,5,8,7,9,3,3,7,3,3,,,,,7,,,,,3,6,,3,,5,5,,7,8,7,6,,7,8,,8,9,,,9,4,7,7,,8,3,8,5,9,4,4,8,3,5,,5,,3,6,3,,,6,8,5,5,5,,4,,6,,6,,4,4,4,,,,9,,,5,7,9,,8,4,,36
E07000078,Cheltenham,7,9,,8,8,4,3,,7,3,7,,6,,,,,,9,,9,9,,8,,5,,,7,,7,6,9,,6,6,7,7,3,7,3,,,,3,6,,3,8,7,4,6,,8,6,5,5,,9,7,5,3,5,,6,6,5,6,8,,,7,6,5,3,,3,,,3,,,5,,,,5,,,8,8,6,,,,,,,6,7,696
E07000079,Cotswold,7,,,,8,8,8,5,7,8,,,5,,3,,6,8,6,3,7,6,7,,3,,,7,4,,,,3,,7,4,8,3,3,3,5,4,,5,8,4,9,6,5,3,,7,8,,9,6,8,5,7,6,,9,,8,,7,3,5,3,9,9,9,8,,7,9,,,9,5,8,3,,8,3,8,6,,3,6,6,8,,9,3,3,9,,,4,636
E07000080,Forest of Dean,9,9,8,,,8,,9,5,3,6,5,7,8,8,,,9,,,8,3,5,,9,,8,5,,3,4,8,8,,5,8,9,4,3,,4,6,7,5,9,9,,6,9,7,4,8,4,,3,7,9,,,,7,4,5,,7,9,7,5,,,9,3,,,8,,8,8,,,3,7,3,5,,,7,7,8,3,5,6,8,9,7,9,8,7,,4,5
E07000081,Gloucester,4,9,9,,3,,4,,9,,3,8,5,7,,6,,6,5,,,,6,5,3,5,,,,9,8,,,8,,5,4,6,9,9,9,4,9,,9,7,7,5,6,,3,9,5,,3,,,5,,4,,4,,,5,,8,,,3,,6,,,5,9,6,5,,7,5,4,4,7,,5,,,,3,6,,,9,,9,,9,,,984
E07000082,Stroud,9,5,7,3,7,4,3,7,,,9,9,,9,4,4,6,7,3,,,9,8,,,8,,,,,3,8,7,5,,4,,6,3,8,,9,7,,4,8,,8,7,9,3,,9,9,6,8,6,8,9,3,,,9,5,6,6,7,6,,,,4,3,,4,,,9,,5,6,9,,6,3,9,9,6,7,3,9,7,4,8,4,9,8,,7,5,53
E07000083,Tewkesbury,,,,8,,4,8,6,6,9,,8,9,8,5,8,,4,5,3,5,4,6,8,5,3,5,8,3,,,,7,4,,,4,7,3,,4,8,4,,,,7,,,,5,,3,6,3,6,4,,3,3,8,,,3,6,,4,,7,6,,4,,,7,9,,9,4,6,7,,5,7,,,,3,8,4,4,,3,,4,4,,,6,7,774
E07000084,Basingstoke and Deane,,9,5,8,7,,6,,,,,3,7,,,,3,,6,6,7,5,3,,9,3,8,4,3,,8,,7,8,,8,5,,,8,3,,4,,,9,9,3,,6,6,,8,,7,,5,,,4,,4,8,,,,,8,7,8,4,4,9,8,,8,4,5,6,,7,7,,3,4,,5,3,,3,8,5,8,9,,,9,3,8,9,44
E07000085,East Hampshire,9,9,7,7,,5,7,,4,8,7,,,9,8,,4,4,4,,,,,,6,9,3,3,6,3,,8,,4,5,3,6,,8,,6,9,6,,,4,6,3,4,7,,4,6,7,,,,6,6,7,4,9,7,8,5,,8,9,5,,3,9,8,7,4,,,9,8,,,4,,6,5,4,9,6,6,3,8,,,,3,9,,8,,,8
E07000086,Eastleigh,7,,5,5,9,,,5,8,,,,9,,7,,7,4,,7,5,7,,5,8,9,,4,6,,8,,6,,,,8,8,7,,3,3,3,8,8,4,4,9,4,5,8,3,4,4,9,,5,8,6,6,,,7,,3,4,9,8,4,8,,4,8,4,,3,6,3,,4,3,,,8,8,9,3,5,,5,4,,,5,8,,9,8,,,965
E07000087,Fareham,,5,6,9,,4,5,4,7,,6,,3,8,,8,,5,,5,8,7,9,,,5,7,,,6,7,,,,8,9,8,,,,5,9,5,,,5,8,5,,,,9,4,6,9,6,8,8,,8,,3,6,,7,,6,,6,7,5,5,8,6,,9,8,7,,6,6,,,3,8,,6,,4,7,6,6,5,4,,6,7,,4,,59
E07000088,Gosport,4,,,,5,9,,4,8,7,,,,,8,6,,,3,3,6,,,4,5,7,3,,,,5,8,6,,8,9,9,,5,4,5,6,6,9,8,,9,9,9,,,,,9,4,8,6,,8,,6,,8,7,5,7,5,8,6,,6,,5,,3,8,9,,6,7,,,9,,3,7,6,,7,3,,6,6,9,8,8,3,,,3,45
E07000089,Hart,9,,9,7,6,,6,4,3,,8,,,8,5,3,5,4,9,,4,,7,8,6,9,9,3,4,7,7,9,,,,5,4,4,9,,6,8,7,,9,,,8,6,,6,7,8,,,,,7,6,3,,,,8,5,7,7,,3,5,,6,7,,8,,,9,6,9,,,,,4,,5,6,4,,,,9,9,9,5,8,8,,,844
E07000090,Havant,,3,3,7,4,7,,7,8,4,8,6,3,3,8,6,3,5,8,,6,8,6,6,5,6,,7,4,,3,9,4,,4,5,8,8,5,5,3,,9,9,,6,7,9,3,7,,9,,7,5,9,,7,8,6,5,3,,,,9,4,,,8,,9,,3,7,,,,4,,6,5,4,3,3,4,8,,9,3,3,3,4,4,7,,,,3,4,34
E07000091,New Forest,,,,8,9,6,4,6,3,,,4,9,,,7,,3,4,,,3,8,,4,,,,,3,8,9,,4,9,,3,8,,8,6,6,7,6,5,9,,3,8,3,,,8,,8,7,9,,8,9,,,6,,9,,,6,,7,,,7,5,,7,6,3,4,3,,8,,5,3,3,9,7,,8,6,8,3,,,,3,7,5,,73
E07000092,Rushmoor,5,,4,4,8,5,,,,,8,4,,3,7,,3,,3,,4,4,3,,,7,6,3,6,,,5,3,8,,6,7,5,,8,9,,,,4,5,3,3,8,6,,5,3,5,4,9,5,8,9,,8,5,7,3,,5,4,,5,7,,3,3,,,8,9,7,8,7,,,,8,,4,5,6,3,7,8,8,,6,7,,7,9,9,9,736
E07000093,Test Valley,6,,5,8,,3,8,6,6,4,,,5,,,3,,,9,6,4,8,4,,5,,,8,4,4,6,,8,5,9,,4,7,,9,4,,,,,5,3,,4,7,4,,,,,,,5,,8,8,8,7,,,,,8,9,6,,8,5,3,3,,6,5,,,3,3,8,,5,5,5,6,8,3,,5,,4,,3,,,3,,699
E07000094,Winchester,7,5,5,,5,4,,9,,,3,9,3,8,6,,7,,5,8,9,6,9,3,5,3,,8,,,4,3,6,3,,,,8,,5,3,6,,,,4,9,8,5,7,,9,8,,,,,4,,,,,3,5,,3,,8,7,,,7,9,,8,9,,,,8,,,4,3,5,,,,,,,3,,,4,6,3,3,9,6,4
E07000095,Broxbourne,9,3,,4,4,5,,,,8,5,,,,6,5,9,6,9,,4,7,9,,6,9,,4,3,7,4,3,4,9,3,3,8,8,5,3,,9,3,9,5,6,6,3,9,,7,5,5,6,,8,5,,,7,3,,,,,,8,4,9,5,7,4,4,,3,9,8,,9,3,3,6,,,3,7,,7,9,6,6,8,,,7,6,9,,3,5,9
E07000096,Dacorum,,4,3,3,6,5,9,3,6,,,4,4,6,8,6,,4,3,,,,7,,,4,,5,3,,,9,7,4,,4,9,,,,9,3,,3,6,8,,8,6,5,,,,,5,7,6,5,6,,9,9,8,3,8,8,7,4,,6,8,,4,,6,4,9,8,4,3,4,9,7,4,,5,3,3,9,,,8,,7,,8,,,6,9,98
E07000098,Hertsmere,,3,3,,,5,6,7,8,,9,,,9,,8,,5,5,4,6,3,5,,6,4,5,4,5,,,,8,,3,8,8,9,5,5,9,,5,,4,7,9,3,8,7,7,7,6,9,5,8,,9,,9,3,8,,7,,6,8,3,,,6,8,6,8,4,7,7,,,,5,7,8,3,8,4,,9,4,,4,7,,8,6,7,3,8,,6,354
E07000099,North Hertfordshire,6,,8,3,,6,6,6,6,7,8,7,9,4,6,,7,9,,6,9,8,3,4,4,,8,6,,7,7,9,8,,8,8,,,6,,5,5,,6,,,,8,6,9,,,,,,,3,3,9,4,,9,4,7,,,6,9,5,,3,,,,3,3,,4,,3,8,3,,3,,6,5,,9,9,6,4,6,9,7,,,,,,6
E07000102,Three Rivers,9,,4,4,,,3,4,8,9,5,3,3,4,8,8,9,9,8,9,5,,,8,9,,,,4,,7,7,7,8,3,8,,5,,7,,6,,,9,,5,,,5,5,7,6,,,9,,4,5,8,4,4,7,3,3,,3,,,,,3,9,,,9,6,,7,9,,9,5,5,,6,9,8,,,9,,,6,,,5,5,7,,79
E07000103,Watford,9,5,6,5,6,4,7,,5,,4,,5,7,7,,,6,,6,7,,,,4,,7,9,6,9,,3,9,,3,9,,3,8,5,5,,3,6,5,,8,,6,,5,8,9,7,5,6,,6,5,,,5,5,6,,5,,4,,8,4,6,7,5,9,3,,6,,,6,6,,4,,,,6,,8,9,,8,,9,,6,5,9,8,697
E07000105,Ashford,,,9,6,9,,3,,,8,3,3,7,3,7,,3,8,9,7,3,,7,4,8,,,,,7,8,4,8,7,9,7,,6,5,,8,7,5,6,9,6,,6,3,,5,6,8,6,7,4,,4,9,4,5,9,,3,7,7,9,6,,6,5,7,7,6,,6,,,,9,,8,,8,,,4,9,5,7,,,9,,3,,,9,8,6,6
E07000106,Canterbury,8,6,3,9,6,8,9,7,5,5,,,,6,,9,,,4,,3,,3,6,7,9,3,,9,4,7,6,9,3,3,4,8,7,6,8,7,9,6,4,6,,8,3,4,4,7,,8,,,,,6,5,,,,7,,7,,,,,,7,5,5,3,7,,8,7,8,4,4,,,9,9,6,7,8,9,8,8,,9,6,7,,,4,,4,835
E07000107,Dartford,5,9,,5,9,,4,,6,9,8,,7,7,,8,3,4,9,7,7,4,9,,9,7,,4,4,9,7,6,,5,,3,8,,5,,3,3,3,,5,,,,8,,5,7,6,3,,3,,9,,,8,3,8,7,8,,4,,,5,,,,6,5,,,7,4,,6,4,,9,3,4,,,5,6,9,,,,6,5,6,6,,4,688
E07000108,Dover,4,5,8,,,6,,9,4,4,5,,,,3,7,9,4,7,,8,7,6,,,7,,3,5,3,9,,,5,9,,9,,6,6,4,,9,4,4,7,5,9,4,4,,3,,,3,7,7,4,7,9,6,,9,8,,7,3,3,,,,8,8,5,4,,,,,,,,7,,8,8,4,,8,,,7,7,,9,,4,,,9,53
E07000109,Gravesham,8,9,5,,9,6,3,8,9,7,7,,,,9,,,5,,8,5,8,5,,,7,6,,9,4,5,9,6,3,6,8,7,8,5,,6,,8,,,3,9,8,5,,8,4,,,,8,9,3,3,6,,,9,,4,,7,9,3,9,7,,7,4,3,,5,,6,6,9,,9,5,6,,,4,5,7,8,8,7,4,6,6,,,6,,48
E07000110,Maidstone,5,,,8,,6,9,,,,,3,,7,6,,3,4,3,,,9,,7,9,,5,6,7,,6,4,,9,7,,5,4,5,,9,,3,7,,4,,5,,6,9,6,,,7,4,,8,5,7,9,,8,8,3,5,,7,,,7,6,3,,8,6,7,,,3,6,,,7,9,,8,,9,6,6,3,9,,3,7,5,7,5,,753
E07000111,Sevenoaks,9,7,,,4,4,5,8,3,4,3,4,3,3,,4,7,7,,,5,8,8,9,8,7,6,8,9,9,,4,5,,7,8,,6,,6,6,,,4,7,9,7,9,7,,4,8,,,5,3,,,9,4,8,6,6,,6,9,,7,5,6,3,5,,,6,,6,9,6,3,7,5,,5,4,7,7,5,5,,8,,,6,3,,8,4,6,,7
E07000112,Shepway,3,5,3,9,9,,,,,4,3,6,6,8,9,,,5,5,,8,,,6,6,3,,8,4,6,9,,,4,8,5,4,3,7,,9,7,7,,5,6,,3,4,,,9,,7,,4,6,,6,,7,9,5,,,7,,3,4,3,4,5,,4,8,,,6,,7,8,8,8,5,4,,3,,,5,,6,4,9,3,,9,7,,,64
E07000113,Swale,,8,7,9,8,,7,8,8,7,5,,,7,,,7,,3,3,3,,6,5,7,,4,8,,,8,6,3,4,,,9,6,,,,3,4,9,,9,5,5,,,3,,8,,,7,5,,,,6,,,,,5,,,6,,,,8,3,5,3,9,,,8,,7,,,3,,6,,,3,3,9,3,,,,,6,,7,373
E07000114,Thanet,,,7,3,5,5,3,,8,8,,9,7,8,8,,6,,,,7,,7,3,8,5,6,,9,9,,6,8,7,5,8,7,3,,8,6,,7,9,7,,8,9,,,7,,7,7,,4,3,9,,,,,,,3,,,,9,5,3,8,3,3,9,,,6,,5,,3,6,4,8,3,3,9,3,9,,7,7,8,4,5,9,,9,7,77
E07000115,Tonbridge and Malling,,,3,9,5,,,9,9,5,,,,,7,7,8,4,,,4,4,3,,4,8,,7,7,9,8,,8,4,8,6,4,9,,9,,3,6,,5,7,,4,9,5,3,,4,8,3,7,4,4,5,3,9,9,,9,3,5,4,9,,,,6,8,5,8,3,9,,4,3,,4,5,4,3,,4,9,7,4,3,8,,3,,5,,6,5,,944
E07000116,Tunbridge Wells,,3,4,4,9,,6,7,9,7,6,,,,6,4,3,4,7,6,,,,3,8,6,,5,6,,8,,4,,,,,7,3,4,,4,6,4,9,,4,3,8,4,4,4,,,,7,,8,,7,5,,6,7,,6,8,7,,5,8,,,7,6,7,8,3,8,9,,,5,8,,4,8,3,5,6,,3,,,8,5,,,7,5,747
E07000117,Burnley,9,,,5,5,4,8,4,3,5,,,6,4,,,,6,6,6,8,,,4,3,,4,3,,5,7,7,6,3,8,,8,,6,9,4,,,3,4,,7,4,3,,5,,,5,8,3,4,5,9,9,6,,,,7,3,5,,7,4,9,8,7,5,6,4,4,,,4,,3,6,7,,,3,8,3,,,,8,3,3,3,5,,4,6,93
E07000118,Chorley,7,7,,8,,3,5,3,8,,9,,,5,6,4,9,9,8,,5,9,9,,7,9,3,7,,4,9,7,4,,,3,,,5,,6,7,7,8,9,6,6,7,,9,8,,7,4,3,9,6,,4,4,4,,9,,8,6,5,4,9,9,4,4,6,9,8,8,4,5,,,8,,,6,9,4,,5,7,3,5,8,,6,8,6,5,5,8,,64
E07000119,Fylde,6,4,,4,4,,6,3,,6,4,8,3,6,7,8,9,8,,3,5,8,,3,,8,,4,,5,7,7,6,7,3,,,6,,,3,4,8,8,,6,9,3,5,3,5,,8,,8,9,9,7,6,6,9,4,8,7,,,9,,4,,3,7,9,3,7,4,,3,3,9,3,4,8,7,,,9,9,,4,,,,3,,5,,4,9,7,69
E07000120,Hyndburn,,,5,4,6,3,,,4,,4,,7,9,,6,6,,,,6,,,7,3,7,3,,3,6,6,,6,,3,,6,4,9,8,5,8,5,,7,4,3,,,7,,6,4,,5,5,,,3,9,5,3,9,,7,,,9,3,,7,7,3,9,6,8,6,8,9,6,5,8,,9,8,,9,7,,,,6,4,,9,7,,,4,4,84
E07000121,Lancaster,5,9,7,7,,5,3,9,,9,9,5,3,,,,4,4,8,4,,6,,,6,,,3,4,3,5,,5,3,,,4,,5,6,9,9,9,,8,,4,,,,7,,3,5,,4,4,8,4,8,,7,4,7,4,3,8,6,,,4,7,,,,,9,6,5,4,9,6,4,,,6,8,4,4,3,9,4,,3,7,6,9,7,3,,53
E07000122,Pendle,8,,4,7,4,8,4,,4,7,,,8,,9,8,7,8,9,9,5,4,4,,8,9,,4,,,3,,7,8,7,5,,3,8,4,8,8,,4,,4,5,9,,,4,8,3,,4,3,,6,7,6,3,,,5,,6,,,6,9,,,8,3,6,6,5,4,5,9,9,7,6,6,4,,,9,8,8,4,,4,,6,,9,8,9,9,47
E07000123,Preston,,7,7,3,9,5,4,9,7,3,,8,,3,7,3,9,,7,,5,3,5,9,6,,,9,,6,9,,8,,3,,,6,9,,4,,3,,8,3,,9,8,3,4,,,,,3,6,,8,,7,8,8,,,,4,8,,,7,9,,,6,,6,4,,,,,5,9,,4,,,,7,,3,6,,,3,8,4,,8,96
E07000124,Ribble Valley,9,9,,7,8,,,,8,6,8,,6,8,5,6,8,,3,,4,,,,,9,7,,,5,7,,7,6,5,8,,3,7,5,9,,,3,,8,6,8,,3,3,8,3,5,,6,4,9,6,,9,3,4,,,,4,,,,4,,,4,7,6,4,5,7,3,,6,,,,7,6,,3,,,5,4,,,7,4,4,,6,585
E07000125,Rossendale,5,3,,,4,,,3,,,7,5,,9,9,3,9,4,9,4,4,,8,7,6,,9,6,3,,,6,,4,5,9,,7,,,7,8,5,,5,,3,4,4,7,8,,3,7,,,3,,4,4,6,3,,,6,,,,,3,9,6,4,4,5,,5,7,9,5,,5,3,8,7,,9,7,3,,7,,9,6,5,,,,,9,4
E07000126,South Ribble,,7,,8,4,,8,7,6,8,9,5,7,9,3,,9,5,5,5,,7,,5,7,4,,3,6,,9,,6,7,,,3,3,6,8,4,5,5,5,,3,6,,,,,5,,,9,3,7,8,,4,8,6,3,8,9,8,6,4,,7,8,4,9,5,4,,8,4,,,,6,,9,,9,3,,6,6,,8,9,,9,,6,3,6,,33
E07000127,West Lancashire,,3,6,,,5,4,3,,9,8,6,,6,3,5,8,4,4,,8,8,,6,,3,7,3,5,9,8,,5,,,,5,6,8,9,9,7,3,3,8,,4,3,4,6,,,6,,,6,6,4,,,4,,7,9,,3,,,9,,,,,,5,8,,4,3,6,,7,6,8,4,7,,4,7,9,8,6,,9,,7,4,5,4,4,55
E07000128,Wyre,7,6,5,3,,9,9,,4,6,,6,,9,,7,,,,8,,8,,,3,,,6,,9,5,7,,8,9,9,8,5,4,7,5,,6,7,9,5,7,7,,5,8,7,4,3,,6,,3,,3,3,,7,8,9,9,,6,5,,9,4,8,7,4,7,3,8,,9,8,8,4,9,9,3,9,,6,8,3,,3,4,7,7,7,8,,,794
E07000129,Blaby,5,8,7,4,,3,6,6,5,,9,4,4,,,3,,4,4,4,3,7,,,8,3,,,8,6,,7,,5,5,,4,5,7,,,7,8,5,8,,4,,,4,3,5,4,,4,6,5,8,,,,3,,7,6,3,,3,5,4,,,5,4,5,6,,8,3,6,4,7,5,4,3,4,8,8,,,,6,7,9,,4,9,5,6,4,465
E07000130,Charnwood,,,,7,,4,5,5,,8,,,,4,,7,6,,5,,6,3,9,6,8,,8,,4,6,,9,7,,5,7,8,,3,8,9,9,,,,5,4,,9,,7,7,3,9,8,6,4,7,7,8,9,9,8,,3,,6,4,,,,5,5,9,7,6,3,3,4,9,5,,,7,,3,7,,7,3,7,9,5,,8,6,,6,5,8,385
E07000131,Harborough,,4,7,4,3,7,,6,7,,,3,,3,,,4,7,9,4,8,,3,6,8,4,5,8,6,8,,6,8,,,,4,,,4,,,3,3,9,5,6,8,5,9,3,,,8,4,6,,,8,6,7,8,,8,5,,3,6,5,3,,7,5,3,,6,7,6,,,,3,8,,,5,6,7,7,7,8,7,5,,,5,9,5,7,,44
E07000132,Hinckley and Bosworth,,,7,9,7,,5,,8,7,,3,6,,,,5,5,3,,,,6,4,8,5,,3,8,5,5,,3,5,8,6,,9,,8,9,9,3,4,9,4,4,,,7,,,7,5,5,8,5,5,,5,5,4,,5,9,,,5,8,,,8,5,,,,5,3,7,4,,,7,,8,6,5,,8,4,8,6,6,,,9,3,6,4,4,948
E07000133,Melton,6,6,5,6,5,,,,8,4,,,,4,5,8,4,,8,9,9,,6,5,3,9,5,3,,7,8,9,7,9,8,3,7,5,3,4,4,4,,3,5,8,8,7,4,,,5,5,6,9,9,6,,8,7,9,,6,9,9,3,4,9,4,9,5,,,4,8,7,,9,8,7,,3,7,4,7,4,7,8,,9,4,,,3,9,3,4,4,5,9,43
E07000134,North West Leicestershire,8,9,4,6,7,,,9,6,9,3,3,6,8,,8,,7,8,,,,,5,,3,8,6,,8,6,9,6,,8,,,,5,,3,6,8,,,,6,,4,,4,,4,,9,5,6,9,3,4,,3,4,6,,6,9,5,,6,,7,9,,9,,4,,7,8,6,5,6,8,9,8,5,,6,5,,8,,6,3,7,8,5,5,4,649
E07000135,Oadby and Wigston,3,4,,5,,4,,4,8,,,3,5,7,8,,9,7,8,9,,5,,4,7,9,6,6,3,8,,,3,4,,4,8,,,,8,8,5,5,6,4,4,9,,6,,8,6,5,7,7,,3,,4,6,9,9,8,3,,8,9,6,3,9,9,3,8,9,,4,,5,8,,8,,5,5,,,6,4,4,3,7,7,,,,3,,3,,488
E07000136,Boston,9,,5,6,,,5,7,,7,,8,,7,,8,,7,5,,,,9,,7,,3,,9,7,7,,4,,9,,8,,,9,,3,,7,,7,8,,7,7,6,4,7,4,,5,,8,4,6,,5,6,,9,7,,,5,4,4,,8,3,5,,4,9,8,4,6,3,3,9,,3,,4,,,4,4,7,,5,7,,4,6,3,976
E07000137,East Lindsey,9,4,4,,,,9,4,9,4,4,8,,9,9,,,3,9,5,,7,4,,5,5,,5,6,,9,6,3,,7,,5,5,,8,8,5,,7,7,3,6,,,,9,8,8,,9,4,8,8,,3,6,,5,6,,9,9,,6,6,5,,5,9,6,4,5,3,5,,,,9,,,8,5,8,6,,3,6,,4,3,,3,8,3,4,93
E07000138,Lincoln,7,,6,3,7,5,6,,3,7,,9,5,,,,,6,9,4,6,7,5,,,3,,,,4,,,,4,4,8,3,,6,,,,9,5,,,4,,,,8,8,,,6,8,4,7,,5,6,7,6,4,,5,,,8,6,9,7,,,6,,,,,8,4,4,,5,,,,9,4,3,5,7,8,,7,9,5,5,8,,487
E07000139,North Kesteven,6,,,3,,3,,3,,9,9,,7,3,6,,8,7,,,,9,7,3,,8,9,,6,8,,4,,,7,,3,8,5,6,6,,,,9,5,6,8,6,,,9,6,7,4,7,6,7,3,8,3,5,8,,5,3,,6,7,,4,8,6,7,,,5,,,5,5,7,,6,5,3,3,,7,5,9,3,4,5,8,,,,8,3,36
E07000140,South Holland,,,6,6,,,,6,,,6,8,6,,3,3,8,6,5,9,9,,5,,7,8,,,,,8,,,5,3,5,6,8,8,8,9,,6,9,9,4,4,6,,,9,5,6,,,4,3,,3,9,,,6,6,7,9,6,9,7,,,8,,4,4,9,9,,,5,,4,,8,3,3,3,,,7,5,5,4,5,,,7,9,,4,783
E07000141,South Kesteven,,,8,9,,7,8,9,7,5,,,9,,4,,,3,5,8,8,4,,,9,,4,,7,,,6,,4,4,4,,3,8,7,3,9,6,9,4,4,,,,7,,,6,7,4,,3,,6,,5,5,,,4,6,,,,4,4,,8,9,,,5,,,5,,6,3,5,6,9,9,,3,,4,5,6,,,6,9,3,9,7,54
E07000142,West Lindsey,5,9,6,,7,,7,9,6,8,3,3,,8,4,,7,8,7,7,8,,8,3,3,9,5,7,4,,,3,6,,9,3,7,7,,9,,3,,,,,4,,,5,,4,8,9,6,,,3,9,4,,,6,,,9,7,7,,3,3,6,,4,5,,9,4,,,9,4,8,8,,7,7,9,4,,4,7,,9,,,5,4,7,,84
E07000143,Breckland,,8,5,,3,4,8,,,3,8,5,4,6,,5,7,4,7,,,3,5,6,,8,5,6,5,3,7,,3,,,,7,5,6,9,8,6,9,,8,9,9,,7,,6,3,9,3,7,,5,7,8,5,8,6,7,,6,4,4,,8,7,3,,,,3,9,4,7,4,9,,,5,7,8,,,,4,4,9,7,,5,,7,3,,,9,964
E07000144,Broadland,6,8,5,4,,5,,6,3,8,,5,7,,,,,3,7,5,9,6,,,7,,6,3,3,6,7,,3,8,,5,7,,,4,6,9,9,3,9,,7,6,9,7,,,,4,5,5,,9,,9,4,6,7,,,6,,,8,4,6,,5,3,,7,6,,,8,,6,,,8,3,6,5,8,,7,4,,8,,7,,7,,7,49
E07000145,Great Yarmouth,,7,9,9,6,8,4,,7,6,7,,,8,3,3,7,,6,,6,8,5,,,5,9,3,,,3,,4,,6,6,6,8,4,6,,5,3,4,3,8,7,,7,,,,4,7,3,5,8,8,,8,8,7,4,3,3,,3,7,9,7,7,5,9,,9,,,5,3,3,,,5,,,,3,7,6,,3,4,4,8,5,9,6,3,8,3,5
E07000146,King's Lynn and West Norfolk,3,,7,5,9,8,,8,,,,3,8,,,4,6,7,4,,8,7,,8,5,9,7,4,4,,5,9,9,4,,8,,,6,6,4,,,,,4,,7,3,8,8,5,,6,6,,8,3,7,9,,9,9,,7,4,9,9,3,,,9,5,,,7,9,9,,,6,,,4,9,4,6,8,5,5,3,7,7,5,7,4,4,6,,6,8
E07000147,North Norfolk,,9,,9,,4,5,7,4,4,,7,,,9,6,6,3,7,5,,3,,8,,9,4,,6,,3,6,,,5,5,5,,9,,9,5,5,,8,4,9,,,3,7,4,,9,,,,4,,4,6,4,,4,4,4,,,4,,,,,4,4,4,,8,,8,9,7,7,7,8,,,,,4,9,9,,,3,7,7,,5,,87
E07000148,Norwich,3,9,6,,5,7,3,,9,7,6,3,5,,,3,,9,4,9,9,3,7,,5,4,7,6,,6,4,5,8,7,,,,7,,4,6,4,4,,,7,5,,5,8,7,,3,4,8,5,8,5,5,5,,,,3,,,8,,5,,,5,,7,5,4,,4,6,3,,7,6,4,4,,7,4,,8,7,,8,,,,3,,,5,4
E07000149,South Norfolk,,9,4,7,,,,9,5,8,,8,6,3,5,5,3,5,3,5,9,5,6,4,,,6,,,7,,3,,,5,9,,9,9,8,4,6,3,,8,9,,,8,8,,,,9,9,,9,4,5,,5,,8,,,,6,9,3,3,5,7,4,,,6,3,4,6,,8,3,4,,8,,,,6,8,9,,6,3,5,6,3,8,8,,647
E07000150,Corby,8,4,,6,,,,6,,4,,8,,9,7,5,3,,3,4,6,3,,5,,3,5,,9,7,9,9,4,3,5,,7,7,3,3,8,,4,,8,8,3,7,9,7,6,,,8,,,4,9,8,8,8,,,3,4,6,9,7,,3,9,,3,8,7,,5,5,6,5,6,7,4,3,,9,9,,,3,9,9,,5,5,9,6,,,9,8
E07000151,Daventry,8,,,4,,5,4,7,7,9,,7,6,7,3,4,7,,,,,,,5,3,6,3,3,6,6,8,,,4,8,,,3,6,4,,,3,,4,4,,,6,4,,4,5,6,6,4,4,,9,,,6,,4,,8,,6,,7,7,6,,,7,3,,7,,6,5,5,8,3,,6,6,,,,8,,,7,,,3,6,,,696
E07000152,East Northamptonshire,5,3,5,,9,,5,6,4,5,4,6,6,,7,4,,,,4,4,3,9,8,,5,,,4,,,4,9,5,4,,,,3,7,3,9,6,,7,6,,3,5,,,3,,,9,7,5,5,6,5,3,9,7,4,8,9,6,7,9,,8,,,,7,,,9,,4,,,4,7,8,4,8,,,,,6,,,,7,9,6,7,4,56
E07000153,Kettering,7,8,,5,,3,4,3,8,9,9,7,7,5,4,8,9,5,8,,,3,7,7,5,,8,5,4,4,4,4,8,8,,9,6,,,,4,3,3,3,,3,9,6,5,,8,3,,3,8,4,3,3,8,,,8,6,8,6,,7,9,4,7,,6,5,,6,7,,,5,6,3,,7,9,7,,8,6,6,,7,4,5,9,4,5,5,7,5,7,94
E07000154,Northampton,5,4,6,5,8,,8,3,,6,9,7,7,3,,4,3,7,5,,4,6,4,7,5,5,8,8,,,,3,5,9,5,4,8,,,8,5,,6,,7,,9,3,,5,,,,3,,5,,,4,,,,,9,,,,9,6,6,5,9,6,3,8,9,,8,4,8,6,,4,7,9,,,,3,,,9,,,,,,,9,3,59
E07000155,South Northamptonshire,3,,,4,8,8,8,3,9,,6,6,3,7,6,3,6,3,,3,5,,3,3,4,,,,9,4,,6,,6,,9,4,5,,,5,,5,4,8,,6,5,3,,,6,6,,,3,3,8,3,6,8,,,,8,,3,,,5,,4,3,,9,,,7,5,8,9,,,8,,,,,9,,,,,7,9,3,9,,6,4,5
E07000156,Wellingborough,8,7,3,,7,5,6,6,4,3,,,7,,,7,8,5,,7,8,,8,5,6,4,,3,5,5,3,5,,7,3,3,,6,7,9,,,4,7,7,3,4,4,3,6,,,,,6,6,4,5,6,,3,7,9,,9,3,8,8,,6,3,3,,9,9,,4,,5,5,8,,7,3,8,,9,8,3,,4,,,,8,,8,7,,,784
E07000163,Craven,7,,,6,8,7,,,8,7,8,5,6,7,9,4,9,4,7,6,5,,,6,3,6,,5,,,5,,7,3,6,6,,3,,3,4,8,7,5,8,4,3,6,3,,9,9,5,9,8,4,,,8,3,,,8,,8,6,3,,,,9,6,9,4,8,7,8,6,7,7,4,6,3,3,8,3,,5,5,5,,,,,4,9,6,,3,,8
E07000164,Hambleton,7,5,9,3,,,3,6,9,5,5,4,,3,6,,5,4,3,9,,,,9,6,6,5,,5,,6,3,4,5,,,6,,,3,3,4,4,8,8,,,,7,,7,,7,6,6,,,8,,7,7,7,,5,7,,5,4,9,6,,,3,5,3,,,7,3,9,,4,8,4,,6,7,9,,9,6,5,9,,,7,3,9,,7,39
E07000165,Harrogate,,6,,3,8,,7,6,8,,8,,3,7,3,8,5,3,4,,,7,6,,3,3,9,9,,,,8,4,9,,,9,,8,,4,8,,9,7,9,7,3,,3,4,8,,5,,,9,7,,4,7,9,7,,8,,,8,3,,,,6,5,8,8,4,,5,7,,5,4,8,,7,,,9,,5,,5,,,6,7,,8,,599
E07000166,Richmondshire,7,,8,6,,4,,7,7,7,4,,,4,7,,,8,,9,7,,,,7,4,4,8,,3,7,6,5,,7,9,8,,,4,9,,8,4,,9,,6,,8,,3,7,8,,3,8,6,7,4,,7,,9,,,6,,4,4,,,,7,8,,4,5,7,,5,8,,9,3,7,,8,5,8,4,3,,,9,6,6,7,7,,97
E07000167,Ryedale,3,5,5,8,6,7,,3,,5,8,5,4,,4,4,,9,5,9,,7,6,,8,6,8,4,9,3,3,4,7,3,,,5,,,,6,,,,4,9,,,,6,,4,7,8,8,3,9,9,4,,3,4,3,3,9,9,,8,,6,6,3,4,,3,3,9,9,6,,8,,7,9,,6,,,8,,,5,7,7,,,6,,,,46
E07000168,Scarborough,7,9,9,8,8,,8,4,5,6,3,,,,6,3,6,8,9,9,4,4,7,,,,6,4,9,,4,8,5,,,6,9,7,4,3,5,,4,,6,,,9,6,6,8,4,7,5,5,7,9,9,,7,6,3,3,,3,7,6,,9,8,6,4,,8,,3,,6,7,5,8,,5,,7,8,4,5,9,3,4,6,6,5,5,4,5,9,6,8,467
E07000169,Selby,,8,6,,3,4,8,7,8,5,7,9,4,6,8,8,,6,,,,9,7,,7,8,4,6,9,8,4,,5,5,3,7,,3,8,5,,4,,,8,,9,,9,9,,,5,3,3,4,8,8,,,,,3,6,5,5,5,5,8,,8,,5,9,8,7,8,7,7,8,9,6,4,7,5,,8,4,7,5,7,,7,9,7,4,9,8,,,886
E07000170,Ashfield,,6,9,5,6,,9,3,,4,8,7,6,,,,3,3,,7,8,7,6,9,8,7,9,5,4,7,,9,7,3,4,4,7,5,9,8,7,9,3,4,,3,,7,,,,5,3,,3,6,5,,3,4,9,3,9,5,9,9,4,6,8,,7,8,9,7,6,,,5,9,,,8,7,8,5,,9,3,8,7,4,8,7,9,5,3,7,4,4,,475
E07000171,Bassetlaw,7,9,,4,,,,,,,,9,,,7,,4,4,9,,3,,7,,3,3,3,8,4,,,8,3,8,3,,3,6,9,8,3,8,5,9,5,,,3,3,4,6,4,3,7,,4,6,3,7,5,,,5,7,4,6,8,6,,3,4,6,8,4,,6,7,,3,9,8,6,6,7,,,,,6,,7,4,3,6,,8,4,,3,,488
E07000172,Broxtowe,,,8,,5,,,4,8,,,3,7,,3,,3,,6,8,7,9,,6,9,5,5,7,,8,,8,8,6,,8,7,,7,,,6,5,6,9,8,3,7,,4,,8,7,,,5,8,7,3,,,,4,9,4,4,6,9,6,9,3,,,,4,,,,9,6,,9,6,7,,9,,5,8,7,8,,9,6,,,5,4,5,,563
E07000173,Gedling,,9,,,7,7,8,3,7,,,,8,7,9,8,,9,5,8,,4,9,,,9,7,9,3,6,8,5,,3,,6,6,7,5,4,,,9,6,7,,4,,4,9,6,3,7,6,,8,6,5,,3,8,,,,6,5,5,9,,6,6,7,3,6,8,,,,,,,3,6,4,4,,4,,6,3,6,,,5,,7,,8,8,,39
E07000174,Mansfield,,7,5,7,4,,,5,,9,8,7,4,,4,8,7,,6,3,8,,5,5,9,3,,5,7,7,,,9,,3,,6,9,6,8,3,4,,6,6,7,7,7,7,5,,4,,4,5,8,9,6,4,5,8,4,9,3,5,6,7,,,6,5,,4,,9,7,,3,5,,8,,4,3,9,,9,9,,5,8,3,8,,6,8,,4,3,7,35
E07000175,Newark and Sherwood,4,,,3,,5,5,9,4,,4,4,7,7,5,5,6,7,3,4,8,6,,4,8,4,6,,8,9,6,3,,,6,4,3,3,,,3,5,,,5,9,8,,5,6,9,,,4,6,3,,4,6,5,4,3,8,7,7,7,9,9,,3,,,,7,7,6,,,5,7,4,8,9,,8,8,,7,5,,,6,,,9,,5,8,,9,96
E07000176,Rushcliffe,,4,6,6,,9,5,5,,,7,,,3,,7,5,3,3,7,5,9,,,,3,7,8,4,5,,,8,,,5,3,7,,,6,9,6,3,,,,,5,7,,,,9,4,,3,6,7,,3,9,,3,,4,7,,,9,4,4,4,6,5,4,7,,,,6,,7,7,9,,5,9,3,,8,,8,8,,6,7,,7,5,993
E07000177,Cherwell,,6,7,,9,7,,6,,9,8,9,,6,6,9,,9,7,5,,4,6,3,4,6,5,5,9,6,,3,3,,6,,5,8,,,7,,,,4,,3,,5,4,7,,6,,,6,6,4,6,9,,9,6,,7,8,,3,9,5,,9,,,5,5,3,5,,4,6,4,4,,,5,3,6,7,9,,,,8,7,9,9,8,9,4,793
E07000178,Oxford,3,,,9,8,6,7,,3,,5,,5,5,7,6,7,,3,9,4,3,,7,3,4,7,3,6,5,,3,6,,8,9,,4,7,6,8,,4,6,,9,4,,3,7,9,,7,4,,6,,,4,,,,4,4,5,5,4,,3,4,9,9,,7,7,,,3,,8,8,,,8,8,3,5,7,,,4,3,,,,,9,5,7,3,64
E07000179,South Oxfordshire,6,4,,3,4,5,,7,8,8,9,,3,4,6,3,4,,,6,5,3,,7,6,6,,7,7,9,4,9,,,3,,6,6,9,5,,5,6,,7,,4,3,4,9,9,,7,9,8,,,5,6,8,4,8,4,,,9,,5,8,,,,6,,,,,,8,3,5,,7,5,4,8,,,,,,5,6,4,,,9,8,,4,937
E07000180,Vale of White Horse,,3,6,6,3,,7,,5,5,,5,,9,8,9,,9,,6,3,,,,3,3,,4,3,4,,4,6,,,8,6,,9,9,9,7,7,3,7,4,9,6,8,,7,,6,7,,,7,,,9,,5,,,4,,,5,7,3,3,8,5,3,3,6,3,7,7,3,5,7,,,,6,6,7,3,7,7,3,3,3,6,8,6,,7,,67
E07000181,West Oxfordshire,,,,8,,5,7,9,3,,8,4,9,8,,,3,7,8,7,3,7,6,,8,8,,8,8,,,8,4,,6,9,,7,4,8,,8,6,5,,3,9,,,3,9,5,8,5,8,7,5,8,7,7,8,3,9,7,7,,,6,,4,5,,,8,9,,8,7,4,9,5,,9,7,7,6,,6,9,,3,5,,9,,,3,3,6,7,85
E07000187,Mendip,5,,5,,7,3,,5,9,9,4,7,,9,7,,5,3,9,6,,,,5,4,,3,,,,3,9,,4,7,,3,3,7,,,9,,6,3,8,4,3,3,6,4,6,7,6,4,,3,8,,,6,9,9,9,7,8,5,9,6,,6,,6,8,,8,9,4,6,9,6,,4,8,6,,9,3,8,5,,3,9,,5,6,,9,8,6,585
E07000188,Sedgemoor,8,6,,,6,,,7,6,,6,6,8,9,,7,8,,9,5,7,,7,6,7,,5,7,8,7,4,4,,5,5,,,9,6,6,3,9,3,5,3,,8,9,4,4,5,,4,9,9,,4,6,5,6,9,,,4,8,5,,,4,,,,,5,6,9,6,,,4,8,,,8,5,8,7,5,9,,5,6,,8,4,,6,6,8,4,78
E07000189,South Somerset,,,,6,9,,3,,7,6,4,9,5,5,3,,,4,,,3,9,4,7,9,5,,5,5,,6,7,9,8,7,,6,6,,4,,4,5,3,7,8,,6,4,9,3,,,9,,8,5,9,7,7,9,5,,7,7,7,4,,7,,8,3,7,7,3,,8,4,,9,,7,4,7,7,,,,,,8,,6,4,9,,9,9,,,638
E07000190,Taunton Deane,,7,,5,9,8,8,,6,,4,3,,6,6,9,,,6,,9,7,4,5,8,,,,9,,5,,7,,,,6,,9,7,5,,,,3,,7,3,,3,,5,,9,,6,9,7,3,,3,5,,3,5,5,,4,,5,6,7,5,6,8,3,3,,5,3,8,7,9,9,5,6,,6,,6,,5,,3,5,7,,5,,,3
E07000191,West Somerset,3,6,3,,7,7,9,,4,4,5,8,,,,,5,5,4,9,,3,7,5,4,,9,,3,5,7,4,,4,7,9,8,,8,9,,4,,8,4,8,8,,,,,,,6,5,4,4,,7,,,,,6,9,7,8,6,8,5,6,3,8,9,4,,,9,9,,3,6,4,,8,3,9,8,3,6,6,4,4,8,4,6,,,,9,57
E07000192,Cannock Chase,8,,4,8,,9,,,7,9,6,3,,9,5,,3,5,7,7,,,9,3,,8,7,6,6,3,,5,,7,,9,,4,,3,,,,8,9,8,,,5,3,4,6,,6,8,,,4,,9,4,7,3,9,,7,8,6,4,5,,7,,,7,8,,6,,,,,3,,3,6,9,9,,5,4,7,5,6,8,,,9,8,7,84
E07000193,East Staffordshire,5,,,,,5,,6,4,8,5,,3,,5,9,4,,3,,,7,4,6,9,,,,9,7,,9,5,4,5,6,8,4,,7,7,4,8,6,6,9,,6,,,9,6,4,6,4,,8,,6,,8,6,9,,4,9,4,6,7,3,,5,,5,8,6,9,6,7,3,,,,,5,6,8,,8,3,,4,3,4,,4,4,4,4,6,363
E07000194,Lichfield,5,,,3,7,7,,7,3,,,7,6,7,5,3,9,3,,4,6,8,,5,,,,,5,9,8,5,,,5,9,,4,4,8,,6,3,3,,6,,8,,,,,5,,8,9,3,3,7,,,3,3,6,5,9,6,3,,,,8,4,6,6,6,7,3,7,3,7,,4,8,3,8,7,4,,6,,,8,,5,7,,,,9,56
E07000195,Newcastle-under-Lyme,6,5,9,9,9,6,7,5,,8,3,,3,9,,,,,8,8,3,,8,9,8,,,5,3,,,,,7,8,,,,5,3,9,,4,8,5,,,,3,3,8,6,,9,,9,,6,,6,,7,,7,4,9,,,7,,,,4,8,5,,8,7,6,5,6,8,,4,3,,6,8,,,9,,,3,,8,6,,,,348
E07000196,South Staffordshire,5,6,9,8,4,8,6,,9,,5,,,,,8,5,8,,8,6,6,6,3,8,,,3,,8,9,7,9,,9,9,,,9,6,4,,9,,6,,6,7,,,,6,7,3,9,6,,4,,,,7,,3,9,,8,,4,,3,,,4,,4,,,,6,9,,,5,,,,9,,8,6,3,5,7,,,5,3,8,3,793
E07000197,Stafford,,3,,4,,6,5,3,6,9,5,9,,3,,,,5,5,,,,5,3,4,5,,8,7,7,6,8,,,6,4,5,,6,3,8,4,,3,3,7,7,,7,3,6,,,,,5,,5,8,,8,5,5,5,8,6,,8,,3,,3,,5,6,7,5,,,,,7,4,,,9,,4,6,3,9,,,,,9,,7,4,4,7
E07000198,Staffordshire Moorlands,,,8,7,9,6,5,,6,8,7,4,8,,3,5,,3,3,5,5,,5,6,3,8,,9,6,3,,6,3,3,,7,,8,,4,6,,,8,,3,3,3,9,,7,4,8,5,4,6,5,,7,,,3,,,4,8,,,7,5,,,9,,,7,,3,,4,,5,,4,7,,,5,3,3,3,9,8,8,,8,6,5,,4,56
E07000199,Tamworth,3,9,9,,5,,,8,,3,9,4,4,7,9,,8,,8,3,8,5,,,5,,,,8,3,4,8,7,5,9,5,,6,5,5,3,5,4,6,8,,,6,9,7,8,5,8,3,7,,7,4,5,3,6,3,,7,7,,9,8,7,5,,9,7,8,8,5,8,4,4,,5,4,,,,5,,8,4,6,5,8,,6,4,6,,8,5,5,65
E07000200,Babergh,,8,,6,,8,,8,,7,,7,9,9,,7,6,9,,6,4,7,7,6,,,,4,9,5,7,9,5,,,7,,8,,,5,6,4,8,7,7,8,,,,4,3,,4,8,8,9,,,,4,5,9,3,,,4,,3,,,3,,6,,9,,,4,,,7,4,9,3,8,4,,,,5,7,7,4,3,8,4,9,,5,6
E07000201,Forest Heath,4,8,4,,,7,6,,4,,4,7,8,7,,7,,5,,6,3,,5,7,7,4,,,4,8,,,,,3,3,3,,,3,3,8,3,8,6,,6,,3,,,,,6,8,5,,4,6,,6,,8,7,5,9,6,,7,7,9,9,7,3,6,,6,,3,,5,3,,3,,,8,,,7,6,3,5,7,,6,5,4,9,9,987
E07000202,Ipswich,3,6,3,6,,7,6,,4,3,6,,6,,5,,6,3,6,6,5,,6,,4,3,8,3,5,,,6,,3,3,7,,5,7,3,,7,6,7,,8,6,5,,3,,,4,4,4,,9,,9,5,,4,5,,9,4,,7,,9,6,7,9,8,6,,7,4,,6,7,8,,9,7,3,4,3,,4,,9,6,6,4,,4,,,,64
E07000203,Mid Suffolk,4,4,5,,6,8,7,,7,,7,8,8,6,,3,,6,,3,8,8,5,4,,,6,6,7,,5,8,6,9,4,8,6,,,4,7,6,5,3,9,,,,,6,3,,5,,,4,,9,5,,6,4,9,9,,,7,8,9,,,7,8,,3,,6,8,4,5,,9,5,5,3,3,,,,6,,7,6,,9,4,8,,3,9,67
E07000204,St Edmundsbury,,,9,,9,8,7,8,7,6,9,7,,9,,9,,9,5,,4,5,5,,8,3,9,6,4,4,8,5,,9,,5,,4,,7,5,,8,8,6,8,8,5,,8,6,7,5,,,6,7,,5,5,4,5,7,,,8,9,5,5,,3,6,9,,9,7,4,5,4,3,,,8,8,,8,4,9,6,7,7,9,8,,9,3,8,8,,,4
E07000205,Suffolk Coastal,8,9,4,5,,7,4,,,6,8,5,3,5,6,,,,6,3,4,9,7,7,6,,7,3,5,9,5,3,,6,,9,8,6,,9,5,6,,8,7,5,8,7,4,,,8,,,4,,3,6,9,4,4,6,5,5,9,8,6,5,,9,,5,7,,4,4,9,4,8,5,,,7,5,9,,,4,3,6,4,7,6,,,8,6,8,6,5,676
E07000206,Waveney,9,,,,5,,9,3,,,9,8,4,5,7,8,,,,5,7,,4,,9,4,,6,,8,,,,6,7,,,8,4,,,9,9,,,,,,8,7,4,8,4,,7,9,3,5,5,,7,4,6,,,8,7,4,9,,,5,,7,5,,5,9,5,6,,,5,,,7,,6,9,7,6,,4,4,4,,,3,4,9,69
E07000207,Elmbridge,5,,4,8,9,,8,6,8,3,,,,,5,8,7,,3,3,,,,5,3,,,5,,,,,5,,4,,5,6,,5,6,,5,,5,5,8,8,7,7,,,,8,3,8,3,9,6,9,,8,,,,,,9,5,5,4,8,,,,9,7,,3,3,,8,,,6,,,6,,3,6,,5,,4,5,6,4,4,8,3
E07000208,Epsom and Ewell,6,7,,,3,8,3,7,7,,9,7,8,,4,5,4,8,8,5,7,,7,,3,5,,6,9,,,,3,4,9,5,,6,7,,,3,7,5,8,,7,7,,6,3,,8,5,9,8,9,,,3,5,5,7,8,,,,8,8,,5,,7,,4,9,6,8,4,5,,5,3,6,8,4,7,7,7,9,,,,8,,,,3,4,9,884
E07000209,Guildford,5,8,8,,,3,,7,7,7,6,3,3,3,,,,,,,8,6,5,,9,,5,,,3,,,4,8,,7,4,5,3,5,4,,,,5,4,5,6,8,5,7,,,5,5,4,3,,,,9,9,3,,,7,4,8,,,3,9,,,7,7,8,5,4,9,6,,8,,5,4,4,,,8,7,6,9,3,8,6,,9,4,7,473
E07000210,Mole Valley,6,9,,,,7,7,,8,,,5,5,,,7,6,,6,,3,8,,8,7,4,6,,5,8,,,3,,3,,,,4,,3,,,9,9,,,7,8,9,3,8,5,,3,,4,5,5,9,4,,9,9,9,7,,8,4,9,9,,7,,8,,5,7,7,8,,,5,7,4,4,3,8,3,,6,8,4,6,,4,9,6,,6,798
E07000211,Reigate and Banstead,8,4,3,8,6,,8,5,,,7,,9,,8,9,3,9,5,9,7,5,7,,5,5,9,4,6,7,6,3,5,6,8,6,,6,,,,,,,5,,9,5,7,,6,9,7,,9,,,7,9,6,4,4,,,,9,8,3,8,9,5,5,3,,3,9,,6,5,4,4,7,6,,5,8,,,5,,4,6,8,,6,3,,5,,9,994
E07000212,Runnymede,9,,5,4,5,3,5,8,4,9,,,6,9,8,4,,9,9,,,,,,6,3,,4,,6,6,7,4,5,9,8,5,8,3,4,,,,9,,7,8,,6,,3,5,9,9,3,5,6,,4,,,,7,5,6,,4,,4,,9,6,7,5,,7,9,4,6,,5,7,6,,,3,7,,6,4,,4,,,5,6,9,,3,,74
E07000213,Spelthorne,5,3,7,8,,4,7,,3,7,7,,,,4,3,4,3,6,3,,5,8,,,,,8,,4,9,3,5,,5,7,6,6,4,9,8,6,9,9,3,4,3,8,9,,5,9,6,,9,,7,3,5,7,3,8,7,,5,,8,,5,6,4,8,,4,4,,4,8,3,5,4,,4,7,,3,,,,3,7,8,7,9,5,5,,,,,84
E07000214,Surrey Heath,7,9,,4,5,8,7,7,4,,5,7,8,7,,9,5,8,,3,3,7,,5,9,7,,4,6,,4,9,6,,7,6,8,3,7,,5,,8,3,8,6,,,,7,7,,7,9,,5,,,7,3,,,,9,,,6,5,,8,3,,9,8,,7,4,,,9,5,7,7,7,7,9,7,,9,,3,5,6,,9,6,,3,5,5,935
E07000215,Tandridge,6,5,8,,9,3,,5,,,,8,6,3,9,7,6,,3,8,,6,4,9,9,8,,7,,7,7,7,8,9,7,,,8,6,6,,7,9,,,6,8,,8,7,4,4,4,,,6,,7,3,,8,4,8,7,3,,4,,7,,6,,5,,5,,7,3,3,6,7,,,,5,,,7,5,,5,8,8,3,,,8,8,9,,76
E07000216,Waverley,4,,8,3,5,,8,7,3,,,4,5,3,,6,8,5,8,,9,7,4,9,,6,9,5,5,5,5,,6,8,7,6,,5,5,3,8,6,5,4,,3,4,,3,7,,3,9,,,8,3,4,,9,8,,,,,3,,3,,4,,3,4,,,6,,9,3,9,5,6,5,9,8,,6,3,,,,4,,4,4,5,7,9,7,5,883
E07000217,Woking,7,,,8,4,9,8,,,3,,,,3,9,3,7,8,9,,6,6,6,8,8,,,,9,6,6,5,9,7,,9,,,5,5,9,5,,,7,7,8,4,5,4,8,,,9,,5,,6,9,3,7,,7,,8,,3,9,4,6,,,4,4,,6,5,5,9,4,4,7,,4,,8,4,,3,3,4,6,7,,,7,6,,5,7,3
E07000218,North Warwickshire,5,9,,5,3,4,,,,8,,4,5,,5,6,4,8,,3,,,4,,3,,,9,4,9,,5,,9,4,4,3,4,,,,7,4,6,,,4,3,4,6,,,,,6,5,7,3,,,,,7,4,5,7,5,6,,8,5,,,,9,7,7,3,7,,,4,5,6,6,5,6,4,,,,,9,9,,4,5,7,6,9,53
E07000219,Nuneaton and Bedworth,9,,7,,5,,,7,9,4,,7,8,5,8,,,7,7,,8,5,,9,3,3,4,4,,5,,4,9,,8,6,,,,8,9,9,3,,,,,3,4,,8,7,8,8,,5,6,8,9,9,,8,4,,6,3,,,3,3,9,5,4,,7,4,4,,,,7,4,,,6,,8,,4,,,7,9,3,,3,,7,9,8,844
E07000220,Rugby,9,6,7,7,5,9,4,7,4,3,4,,,,9,,7,8,8,,,6,,5,8,,,,7,,,,,,6,,8,9,,6,6,9,3,5,8,8,,8,,,9,6,,,5,,,3,8,,4,6,,9,,,5,5,,8,9,,,4,3,8,,,6,,7,5,4,4,6,6,,5,8,,,7,8,7,5,9,5,5,,6,56
E07000221,Stratford-on-Avon,6,5,7,,5,,9,4,,8,3,8,9,6,,7,,4,,,4,8,4,5,4,,8,,7,,6,6,9,,,9,6,,3,3,4,,6,6,8,8,,,9,7,4,,6,,4,5,6,,3,3,,6,4,7,8,7,,6,9,6,4,7,,6,6,9,8,,,3,,5,8,7,,7,4,5,5,5,4,9,,,6,6,3,,,,533
E07000222,Warwick,8,,3,5,,,9,7,8,3,5,,,5,,,3,8,,,8,9,6,,3,7,,,,4,6,,,8,4,9,,4,8,,,3,,5,9,9,,5,7,,6,3,8,7,4,,,4,7,5,3,5,,6,,4,8,7,4,4,,,,,5,6,,7,,4,,,7,3,,9,3,,6,4,8,,,5,,3,4,4,,3,85
E07000223,Adur,,9,,9,7,4,,,6,9,,9,9,,8,,,3,8,6,,7,,9,3,,5,4,,4,,4,,8,3,,6,,5,,7,6,3,,7,,6,5,4,,,7,4,6,3,,,,,3,,,,8,,8,9,3,5,,7,3,,9,4,4,,4,,4,,5,6,,3,9,3,,3,6,4,3,3,9,,4,9,8,3,5,89
E07000224,Arun,,7,7,8,8,9,7,,8,,9,,,4,,,7,6,5,8,5,6,,8,,7,5,,8,,,,9,,9,4,,,7,,,,3,3,3,4,5,,4,9,3,5,,,4,4,3,6,,5,,8,7,,5,9,4,5,7,3,5,,5,8,6,,,5,,3,6,5,5,6,,,9,6,6,6,4,7,7,4,7,,4,7,8,4,53
E07000225,Chichester,,6,,,,,,7,,6,6,3,,,3,6,3,3,4,,3,5,,3,,,,,7,8,6,4,,3,,,5,,5,8,8,4,3,9,7,5,,7,,8,5,,8,,8,7,,9,5,7,,3,9,,7,9,6,,3,4,4,,3,,3,6,6,,,7,9,,8,5,8,6,,6,9,,6,5,7,3,7,,,6,5,3,364
E07000226,Crawley,9,,7,9,,3,3,9,7,5,9,,,4,4,,8,,3,,5,4,,,9,3,6,3,7,5,6,,,8,6,,9,9,5,,,8,,,7,7,7,,3,9,5,9,8,,,,8,3,3,3,5,,5,,,4,3,9,,3,,4,7,,9,4,5,,,5,3,5,6,5,,3,,3,7,9,3,9,,,,,8,,,,467
E07000227,Horsham,9,3,8,9,,,4,,9,7,9,,3,7,4,5,4,4,8,5,9,9,4,9,8,3,,7,9,6,,9,6,,4,6,,4,,9,4,6,4,,,7,3,6,8,9,,4,3,5,6,8,,8,8,5,6,5,4,4,4,3,8,5,7,8,9,,,,,9,,7,,6,,,,,9,,5,9,9,,,3,,,,5,9,,7,7,547
E07000228,Mid Sussex,6,5,,8,8,,9,5,4,9,,4,6,,7,5,,,8,5,8,8,5,8,3,8,9,3,5,6,5,,9,,9,3,5,9,6,,5,3,4,,,3,9,3,9,9,7,3,,9,8,3,7,,6,,9,3,7,7,3,,8,5,5,,8,6,3,7,9,6,,3,,9,,8,5,,,,3,9,8,5,9,7,3,4,6,,,,7,6,534
E07000229,Worthing,5,4,,3,7,5,5,,,,3,9,6,3,3,3,8,4,,9,3,,5,,3,6,6,7,3,3,4,3,3,,,4,,5,5,8,3,3,8,,,,4,,,9,,,5,,7,6,,8,,,9,,3,8,7,6,,,,7,,,8,7,3,7,4,,3,6,6,6,6,8,6,3,,,7,7,,7,9,,5,3,,5,,7,655
E07000234,Bromsgrove,,,7,3,5,3,,9,,,9,6,,,9,6,6,7,4,6,7,,7,8,4,3,,7,,,5,3,,8,3,6,7,4,4,,,3,,7,8,7,5,6,7,7,,,,9,3,,4,5,3,3,8,8,9,7,4,8,9,,7,9,,5,6,,3,8,,8,4,5,,9,9,3,4,8,9,5,,9,5,4,,9,9,5,,,,7,985
E07000235,Malvern Hills,4,,,3,,,6,,4,3,3,9,,9,3,4,3,9,,,,,8,3,6,5,8,,,,6,5,9,,9,,7,7,4,,7,7,6,4,,9,7,8,,,4,6,9,8,3,,9,7,5,7,8,,7,6,4,,7,9,,9,7,,,,4,,8,3,4,4,5,4,3,9,8,4,9,4,6,5,7,,,8,,6,7,,6,5,985
E07000236,Redditch,6,5,,9,4,8,6,,7,6,,,,4,9,9,9,4,3,5,7,9,3,9,7,7,,,5,8,3,6,9,6,5,7,5,,9,,6,6,,9,6,,,5,,3,,6,5,3,3,8,5,5,6,,6,4,5,,6,,4,4,,8,,,,8,,,5,5,,3,4,7,,4,5,4,,4,8,7,4,7,3,3,7,,5,4,7,,667
E07000237,Worcester,,3,8,7,6,,6,,8,9,4,,4,,,8,3,5,,,9,,7,3,9,,8,9,9,4,,3,9,,8,,8,7,6,4,,,,5,5,,,5,5,7,5,8,4,6,6,,,5,6,,4,8,,,8,6,,6,4,3,5,,7,4,4,4,3,,8,8,,7,,,9,6,6,,8,5,6,,9,,4,9,9,,5,7,84
E07000238,Wychavon,8,3,,3,,7,,4,,5,3,4,6,8,,5,4,9,6,8,,4,4,,8,3,3,5,,7,4,,5,3,7,5,5,6,5,5,5,6,,4,6,8,4,7,9,9,,9,,,,,4,,8,,8,7,6,7,3,6,,,4,,4,7,3,,,,,5,,6,,8,,,5,6,,8,6,5,,3,3,,9,9,6,5,9,8,596
E07000239,Wyre Forest,5,3,6,4,,,7,,,4,,,5,5,5,,,,8,9,4,,5,8,9,8,9,8,5,,6,4,3,3,7,6,,,6,7,6,4,,6,,7,6,5,7,5,,5,,,,7,,5,7,8,6,,6,4,3,3,,,9,,5,9,4,6,4,3,4,8,,4,6,7,5,8,8,4,6,6,8,8,,3,,7,7,,8,8,,,5
E07000240,St Albans,8,9,8,,4,4,3,,3,,6,,,,3,,6,7,7,,9,4,,9,,,4,9,,,,,,6,6,,,7,,8,6,6,4,3,,6,5,3,,7,9,5,6,7,9,3,7,9,6,5,,6,8,,7,,8,,6,9,,5,4,,3,6,7,3,8,,,3,3,5,7,7,,4,7,5,,9,9,7,9,3,,,4,,6
E07000241,Welwyn Hatfield,8,,,,8,,,,,,4,6,4,,3,8,6,6,,7,3,4,,8,4,8,,5,4,6,5,,7,5,9,,,,6,7,,,,3,6,,6,4,4,3,3,5,,7,6,,,4,8,7,,,5,5,,,9,,9,4,5,7,5,7,3,4,9,,,,,,3,,8,,,8,8,,8,,5,7,,9,5,,,8,599
E07000242,East Hertfordshire,,6,4,9,,7,8,8,8,7,,7,6,,9,7,4,,7,,4,9,9,5,8,3,8,6,9,7,4,4,4,,,9,3,3,8,9,,6,8,6,,6,6,8,,9,9,5,6,,7,9,,7,4,8,3,4,,7,7,,,8,6,,3,8,,,9,,,,,3,,9,,8,7,,4,,,7,4,6,,5,7,9,3,4,4,,847
E07000243,Stevenage,9,,4,9,,,3,8,,8,,6,3,5,,3,,,,4,5,4,8,3,7,,3,,7,3,6,,4,3,4,5,5,,3,,7,3,4,,3,4,,7,6,3,9,3,7,9,5,,,,3,,,3,4,,,,3,8,,,,9,8,5,4,8,8,7,,4,,4,6,9,,,9,8,,7,9,7,,9,,9,3,8,9,7,778
E08000001,Bolton,7,5,,,,8,,9,5,5,3,8,7,6,3,,9,4,,7,3,3,9,,8,5,4,9,9,7,8,7,6,8,,,,4,5,7,7,3,,7,9,7,9,4,6,8,6,9,,4,3,4,8,4,,4,,4,4,8,,4,,,,4,4,3,7,4,5,3,,,,8,9,,8,,,,7,6,,,9,7,,9,,5,,4,7,4,886
E08000002,Bury,3,,,7,,6,3,,3,7,9,9,8,,,9,8,,5,,,8,,4,8,4,5,4,4,4,3,,,4,3,,,5,,,5,5,,5,5,4,4,7,6,,,5,3,,3,8,,,5,4,9,,3,,5,4,,9,6,4,5,5,,,9,9,,,4,,4,,,3,9,8,3,8,5,7,,3,,6,5,9,9,6,,6,6
E08000003,Manchester,,7,,3,5,,,4,8,,7,7,3,,9,8,4,3,6,6,,8,,3,6,7,9,8,5,6,5,8,8,6,,4,3,,3,8,,,,6,,9,,,3,,9,8,5,,8,5,,8,3,4,7,4,8,5,,9,,3,,6,8,6,5,4,8,8,,3,,4,,,,9,,5,,4,7,4,9,,5,6,9,7,7,9,4,,78
E08000004,Oldham,4,8,5,9,4,9,3,3,3,,,4,,,,,,5,8,3,,8,6,6,,3,3,9,3,,,4,,5,,,6,4,8,6,5,8,9,5,5,8,,,4,3,9,,,9,,7,,8,,,6,3,,3,4,,3,3,,5,3,5,8,8,3,4,,5,4,7,9,,6,3,8,3,4,7,6,9,7,4,,7,,6,3,,6,6,39
E08000005,Rochdale,4,,,9,3,8,,,3,,5,4,7,7,,4,6,8,6,,,6,9,,9,3,4,7,6,6,9,7,,8,9,,,5,8,,7,9,4,,3,,,,7,9,6,,,9,4,5,3,3,,,8,,8,3,,6,,,6,4,5,8,5,5,4,9,3,3,,4,7,4,5,,,,8,9,6,5,,3,9,,,6,5,9,6,7,54
E08000006,Salford,,,8,,,,8,9,,,,,4,9,9,,6,7,5,6,,8,5,9,5,3,,,3,9,,,,7,7,,4,7,,5,7,,7,,,8,,,,4,,,,9,4,5,7,,,,7,6,6,7,6,,6,,4,7,,9,4,4,7,,9,8,4,,7,,6,9,4,7,5,,9,4,7,,6,4,6,3,,,,,994
E08000007,Stockport,6,5,6,5,6,4,,8,9,6,8,5,5,4,4,,8,4,5,5,9,5,7,3,8,,,,8,,7,6,9,7,,9,3,8,,8,6,4,,,3,5,6,9,9,8,6,8,6,,6,9,,,,,8,6,,7,3,4,7,6,,3,7,9,,9,9,7,8,,7,7,,6,,,,4,6,7,6,,,4,5,4,,6,5,,7,,
E08000008,Tameside,5,9,7,,5,,,9,7,,4,7,,5,5,4,6,,6,7,6,4,3,3,,,,,8,,,5,9,4,,5,6,9,6,6,,,,5,,5,9,9,4,8,5,7,6,3,4,5,7,6,5,4,6,9,,5,,,,9,6,9,6,8,,3,7,3,6,3,8,9,3,7,8,5,7,4,5,5,8,9,3,9,,,4,7,,8,4,,7
E08000009,Trafford,,9,7,,6,,6,6,,5,5,9,4,,,6,,7,9,3,6,7,6,6,7,9,7,8,7,,,7,7,,6,4,6,4,7,6,,3,3,6,9,8,5,5,9,,,,6,3,,,7,5,6,7,8,,,8,,,,7,7,5,,,4,,9,6,,,,,5,9,5,4,,5,4,,,7,,,,,7,7,,4,,7,67
E08000010,Wigan,5,9,7,5,9,,,4,7,,7,8,3,,7,5,,,6,4,9,,7,,,7,9,5,,,8,7,6,8,7,,,6,9,3,5,,7,7,3,3,,7,5,9,5,3,5,5,7,8,4,7,3,9,,7,4,8,3,,5,7,,,9,,,8,3,,5,,8,6,8,9,,5,6,,5,4,7,4,,,9,9,,5,8,7,6,4,67
E08000011,Knowsley,,7,5,7,8,8,3,5,,,3,4,6,7,,9,6,,7,5,,6,7,4,,,9,3,6,,,9,,,,8,8,,7,4,9,9,3,4,5,6,4,3,7,8,8,5,,6,6,8,8,,4,,9,,3,9,3,5,,4,,8,3,4,8,6,,5,8,,,7,8,4,,9,7,,8,9,,3,8,6,4,3,,9,4,4,,,86
E08000012,Liverpool,3,,,,4,,,,3,8,8,3,5,5,,8,,4,,,5,6,,3,,7,6,5,8,,,9,9,,,7,6,8,,,4,9,5,,9,,5,6,,7,6,3,,3,,5,7,,7,,7,5,,,3,3,,3,3,9,8,3,,3,3,4,,3,,3,,5,4,,7,6,9,,5,8,7,7,,,3,8,,8,5,,35
E08000013,St. Helens,,5,,3,,8,6,,9,,,5,4,7,,3,,,9,4,6,,9,4,,4,9,9,6,9,4,,3,,9,,4,,8,,3,,,3,5,,5,7,,,,,3,6,8,3,,6,7,,,9,4,3,4,3,,,3,3,5,,,,5,,6,4,,4,3,,5,,,8,4,7,3,,3,,3,7,6,9,8,5,,6,996
E08000014,Sefton,,3,3,,7,6,4,5,8,6,,9,,,,6,,4,7,,,8,,9,,,,4,,4,5,3,7,7,,8,6,,8,9,6,6,7,8,3,,3,6,5,,6,,3,3,,9,3,,7,7,,3,,,7,7,,,5,,9,,5,,3,,,5,,3,,,9,7,,8,4,6,6,3,,8,,3,8,,9,6,8,8,653
E08000015,Wirral,7,,,5,,,4,5,,8,4,,,3,,9,,5,4,7,9,,,4,6,,9,4,5,4,,6,3,6,,7,,5,,8,4,8,,6,7,8,3,8,,5,7,,,6,,7,7,,,,,4,7,5,6,6,8,,,6,4,,8,,,8,,4,6,9,9,3,6,7,6,6,9,8,,4,6,3,,,4,,4,3,5,7,897
E08000016,Barnsley,7,,3,,4,7,3,9,5,,9,7,5,3,6,8,,9,,7,8,,,,,,9,,7,8,,4,3,3,5,4,,6,,4,,8,6,,5,6,4,8,9,3,4,7,9,6,4,,6,6,4,4,,9,,,3,4,,6,,5,,6,8,,4,,,,,,,3,4,5,7,,5,4,,9,6,,9,8,8,7,9,5,8,,95
E08000017,Doncaster,6,9,9,4,9,,,,5,8,7,,5,,,8,3,5,5,,9,9,5,8,,,6,,4,6,5,,9,,9,4,8,4,,,,6,,9,5,9,,,3,,,,,,5,4,,,4,8,,8,,9,6,8,5,5,3,,4,6,,,,6,,5,5,9,3,7,3,5,,8,,,9,5,4,3,9,,5,,6,3,8,,7
E08000018,Rotherham,6,,9,,,5,9,4,,6,,5,,8,,,5,5,6,5,,8,,8,5,9,,8,,3,6,9,,5,6,4,7,6,9,6,8,,,9,3,8,,7,7,,6,8,,6,6,9,3,4,6,4,7,6,,3,,3,8,3,5,3,7,,5,5,7,7,4,7,6,8,4,4,5,,7,,4,,,,7,,7,5,,4,,5,5,,9
E08000019,Sheffield,8,8,,,6,8,6,5,6,,,9,5,,5,5,3,4,,,7,3,,,8,,,7,8,3,,,4,,9,,3,,9,,7,,8,8,5,7,7,4,7,6,4,3,,,5,6,,9,4,9,7,4,3,5,3,4,4,,3,7,,9,4,9,,,,,4,4,,3,,8,5,,3,4,7,9,3,8,6,6,3,4,5,5,6,6,35
E08000021,Newcastle upon Tyne,,3,8,6,,8,,7,,7,,9,7,,5,9,,4,8,4,,9,3,7,,7,6,6,7,,,,9,8,6,4,6,9,,,,,,,,,,,5,,,7,,5,4,,6,7,,,9,7,9,,5,3,5,,,,6,7,9,,,6,,,3,8,,8,8,4,4,4,,6,,6,5,9,6,9,,,,9,3,8,589
E08000022,North Tyneside,,4,4,,8,,4,6,5,8,4,6,9,,4,3,5,7,9,8,7,4,4,7,,6,6,3,9,,3,8,7,3,,6,,,4,7,4,,,3,3,8,6,7,7,,9,3,8,5,9,,,,4,7,6,,,6,3,,5,,,,5,6,7,,8,8,3,6,7,5,,,4,5,4,5,,9,5,,6,,3,,6,9,3,,3,8,63
E08000023,South Tyneside,,4,4,,4,,,8,9,,3,5,4,,6,4,,8,6,,5,9,6,5,,9,9,6,4,8,3,,5,5,,9,,6,8,3,8,3,,,7,9,5,6,5,,9,6,6,9,9,,5,6,8,3,9,8,3,5,3,5,9,,4,8,4,9,8,,8,7,8,,6,7,4,9,,,,3,6,,3,4,3,,6,,5,,,3,,,868
E08000024,Sunderland,7,8,5,7,9,,,6,3,7,8,,6,,9,,,8,3,7,,,8,6,,9,3,6,6,,,4,,,7,5,8,7,4,,9,9,4,4,7,,5,,4,5,8,,8,,,6,,5,,5,9,,8,4,6,7,6,7,5,,5,,9,,,,,8,5,9,6,3,,,3,7,4,4,8,,7,5,3,,,3,3,,4,3,439
E08000025,Birmingham,,,,8,6,,7,3,4,9,5,4,,5,7,4,,8,4,7,3,6,,8,,,5,8,9,7,8,4,,3,,4,,6,9,6,,7,9,,,,6,,5,6,,9,4,6,,5,3,3,,7,,,,5,7,8,9,6,,6,7,7,9,9,,8,5,8,5,,,,,9,6,,6,9,6,8,,,,7,,6,,6,8,4,45
E08000026,Coventry,9,3,,,4,5,7,5,6,5,6,4,,3,9,8,9,,8,,7,7,,,5,3,7,7,6,,7,6,,4,7,3,,,,7,,,,6,4,,5,,5,3,5,5,,3,,6,4,5,,7,7,4,6,,,3,9,9,9,7,6,,,7,,,,,8,,,5,9,7,4,,,9,9,7,,9,8,9,9,4,8,3,5,,739
E08000027,Dudley,6,,,4,4,6,,4,6,,4,,,6,9,9,,9,7,7,,5,,3,,,,5,3,5,3,4,3,8,6,8,8,5,,4,,5,7,8,,,8,,,,,4,5,5,8,8,,3,6,3,6,6,7,8,4,4,7,,9,7,,,4,5,4,9,,,9,4,,8,,4,,9,6,,8,8,3,4,4,,,6,8,4,,7,493
E08000028,Sandwell,9,5,4,3,9,5,7,,,8,4,6,7,,,,,4,4,5,6,,4,,,,,,4,,,9,9,,,7,9,8,4,8,7,9,5,8,3,8,,,,8,3,,9,7,6,8,7,3,,,6,3,,4,3,8,6,,3,5,,4,3,4,4,7,,,,,5,7,3,,3,,,4,,6,,,5,,7,,9,,,,555
E08000029,Solihull,,9,8,6,8,,8,9,9,9,5,8,3,4,4,,6,7,7,,5,9,6,,,3,7,3,7,,7,3,9,,,,5,,6,4,3,9,4,4,5,6,8,,,9,4,,5,8,8,9,3,9,,7,5,5,,,6,5,6,,,,,,8,7,,,,,,9,3,4,,,,,3,6,,,6,,3,,6,,,6,6,5,35
E08000030,Walsall,,,,4,,9,3,4,,8,9,5,8,8,4,,,6,5,9,9,5,6,9,5,8,3,6,,4,8,3,3,9,7,3,,,,7,,8,3,,,,,,7,,,8,,6,,,9,,7,,,8,3,6,8,,8,7,,,,6,,4,3,6,9,7,6,,9,5,4,9,9,6,9,8,6,5,4,9,,7,5,4,9,8,6,7,96
E08000031,Wolverhampton,4,4,,6,7,,,,,9,,,,5,,6,8,3,,5,9,,8,5,8,6,3,5,,5,6,,7,3,,,,,4,6,,,4,4,,3,7,8,7,5,8,9,3,9,9,9,,7,,8,8,7,6,7,4,,,7,,3,,6,9,8,8,6,,3,,3,9,,6,4,,5,6,8,6,3,9,,,7,,4,4,,5,,947
E08000032,Bradford,6,,,7,6,,5,5,8,5,6,,9,8,5,8,4,7,9,7,6,8,5,,9,7,8,,,3,,,,9,9,6,4,3,,8,,,4,9,,3,,3,8,5,8,6,3,,9,9,5,8,7,,,,5,3,5,8,,7,8,,,8,7,9,,3,9,8,5,9,4,,9,9,8,9,3,8,9,8,,,,6,9,6,9,8,7,,8
E08000033,Calderdale,,,6,9,,5,4,6,8,,8,,3,5,,9,4,3,,,8,7,3,9,9,4,9,6,3,3,,6,,5,8,5,5,4,9,,3,5,3,,6,,,,4,3,5,3,8,9,,3,7,6,,7,,6,7,4,6,8,7,4,,7,,3,4,7,,,,7,,,5,3,,8,7,,,8,8,5,6,7,8,9,8,,8,,6,8,36
E08000034,Kirklees,4,,6,,,3,3,,,9,9,9,4,,6,6,,,,,,9,,6,,7,3,4,4,,6,6,9,5,4,4,3,7,3,6,,6,9,,,4,6,9,7,,6,,9,7,6,,,9,3,9,7,,,6,4,,3,4,,7,3,,8,3,7,9,6,9,6,9,4,,8,3,6,8,,,,,8,,,3,,7,9,3,4,8,3
E08000035,Leeds,9,8,,,8,7,5,7,8,9,,6,3,7,3,5,6,7,,5,4,7,,,5,,,7,8,7,3,6,8,3,,9,3,8,7,3,5,,,8,4,4,6,4,4,3,8,5,6,,6,4,6,5,7,3,7,7,,6,4,4,5,4,,4,3,7,7,6,8,7,5,9,,,,5,8,9,,,3,4,9,5,,5,8,5,6,5,,,,,3
E08000036,Wakefield,7,7,7,8,,9,,4,,6,,6,,6,,5,,5,3,3,,8,3,8,7,4,,,,,7,9,5,,,,4,,7,,5,,4,,4,,7,6,6,9,4,9,5,,,8,8,,,9,,6,7,,5,,8,5,4,,7,,7,6,3,6,4,8,9,7,,3,5,6,5,3,4,5,5,7,4,3,,,,,6,,8,,59
E08000037,Gateshead,,,6,3,7,,,8,,,9,,6,3,,7,,8,4,8,,,,5,5,,5,6,8,3,8,,3,,,7,4,,,5,,,4,8,9,,,3,8,7,5,,9,,8,7,5,,7,7,9,,3,4,,3,9,3,5,5,7,,,8,,9,7,,8,6,6,4,3,,7,6,5,4,8,,5,8,,7,,,,4,,9,57
E09000002,Barking and Dagenham,3,4,3,5,4,,,4,8,7,8,6,6,7,9,9,4,6,9,,5,3,5,7,6,3,4,7,,7,6,4,6,4,5,9,3,9,,,4,9,,8,3,9,7,,3,6,6,5,9,7,3,5,4,,8,,,9,3,5,,,6,3,3,,9,,6,7,,3,7,6,,5,4,6,,,9,4,3,3,9,9,8,,4,,4,,,9,5,5,46
E09000003,Barnet,9,,,4,7,7,9,9,,4,4,5,6,4,8,5,7,4,4,5,7,7,,6,3,9,7,4,6,,5,5,8,9,3,4,8,5,5,6,,3,,,3,,5,,4,,5,3,3,9,6,,6,5,5,3,,3,4,,4,3,4,,9,8,7,,,9,6,,4,,4,,3,7,4,7,5,3,6,,,3,6,5,4,,6,3,6,6,9,9,398
E09000004,Bexley,6,9,5,7,,6,,5,,8,6,6,,,7,9,,3,8,7,7,,,5,5,,,8,8,,,8,,8,6,,7,4,3,9,3,,5,7,8,8,7,,,,8,5,8,,,5,,,,,7,,7,,3,7,7,4,,3,5,8,,8,7,6,4,,8,6,6,,,,6,8,,9,,3,4,8,3,,6,4,6,,,,36
E09000005,Brent,,9,5,6,5,,3,6,4,7,,6,,8,9,8,7,5,6,,7,7,,9,,,8,3,9,6,5,7,,9,7,7,4,9,,8,,,8,4,9,5,6,9,8,,5,,8,,,6,3,4,5,,3,6,3,9,,3,,7,,3,,,9,7,7,,,3,4,3,3,,7,8,6,3,4,5,8,9,5,9,,7,5,4,5,8,,9,49
E09000006,Bromley,,3,5,7,5,,3,,8,3,4,7,3,,7,,4,,,4,5,7,4,5,,,9,5,,8,5,4,,3,6,9,,9,3,7,9,,4,,5,3,9,3,,8,6,4,5,8,3,7,9,4,6,,,7,,,3,3,4,3,6,4,7,8,,3,6,9,6,,,7,5,,5,9,3,9,,7,,,,,6,,7,,3,,4,,6
E09000007,Camden,4,4,,3,5,5,5,4,8,,,5,,,,4,4,5,5,,5,7,9,8,9,5,,5,9,,,7,3,7,,8,,,,,7,,8,8,,4,7,,,3,,,4,4,3,,4,,6,8,6,,4,,9,,7,,,6,6,3,,9,,,8,8,,4,,7,,4,4,6,,5,,4,3,8,8,9,6,8,8,4,5,6,57
E09000008,Croydon,,7,3,,7,5,,3,3,5,,9,3,4,,,5,8,5,5,4,,7,3,3,5,3,6,4,9,5,6,9,7,,,3,,4,,9,,,,,5,4,9,4,8,8,,4,5,,8,,,5,,,4,6,,,5,8,8,6,8,6,3,4,3,4,8,5,6,9,5,6,6,8,4,7,4,6,,4,,,9,,9,,,7,5,3,9,557
E09000009,Ealing,,7,,7,6,8,,7,4,7,4,,,,8,,,,7,3,,,,,4,7,6,4,4,4,6,8,9,9,9,,7,7,4,4,5,,5,8,,5,3,7,,9,3,,6,,5,8,4,4,,6,5,4,7,4,8,6,4,,,7,3,3,9,5,,9,,5,,,4,3,,,4,,3,,7,,6,9,,8,6,8,,3,,,38
E09000010,Enfield,9,4,,8,7,,8,8,8,,,,,,6,,,,9,3,7,,,6,7,,5,,7,3,,4,4,,,8,8,9,,,,4,9,8,,,,,,3,,,3,,6,9,,,,9,,,,5,6,,7,4,5,6,,,8,8,,,,8,,,9,5,,8,3,,4,,7,3,,,,4,9,,,8,,,87
E09000011,Greenwich,4,,4,6,4,3,8,4,,6,,7,6,3,5,3,,,,,,5,,5,4,4,7,5,8,6,7,6,4,,5,5,,,3,5,8,5,,9,3,8,,8,,8,3,,,,7,,4,,,4,5,4,8,7,7,,3,,3,6,7,,3,5,8,9,5,6,9,3,,,,,9,8,7,4,,4,9,8,,7,,8,9,6,8,4,434
E09000012,Hackney,,3,8,,6,,,,3,6,,9,7,4,5,9,,4,9,3,5,,5,,6,,,3,,,,9,6,5,,6,5,6,,,5,3,7,,7,6,7,,,,,5,5,3,9,,4,9,,7,3,,,7,3,6,3,,4,,5,8,5,,9,,,6,5,8,9,6,4,4,8,3,4,3,4,9,,8,8,3,7,,5,,,,366
E09000013,Hammersmith and Fulham,,8,5,,9,,6,6,4,9,,,5,4,8,6,7,,8,5,,8,8,8,3,5,,6,9,4,7,4,3,6,3,3,5,,,3,,6,3,,,9,,6,,7,9,5,8,9,8,7,9,,6,7,,4,4,3,,4,7,7,,8,7,9,3,9,,4,,7,3,,7,,4,4,3,,,8,,,9,6,,3,8,4,4,7,4,,87
E09000014,Haringey,3,,9,3,4,8,,4,,,,,6,6,9,7,6,7,4,8,7,,5,,5,9,,3,5,5,4,4,7,4,7,,3,5,7,,6,3,8,4,4,9,7,5,,4,6,,8,3,6,4,3,,,4,7,4,7,9,6,,3,3,,5,6,4,,3,8,6,3,,,,3,,,,7,4,7,,6,6,,5,9,,6,4,3,4,,3,539
E09000015,Harrow,8,,,3,9,,,,,3,8,6,,,4,,4,,3,6,4,3,5,,,9,8,8,3,7,,9,3,9,,3,4,9,9,4,9,,8,,4,,,,6,6,5,6,9,7,3,,,,5,,6,5,9,,5,,9,,5,,,3,,9,7,6,3,8,,5,3,6,,6,5,7,5,9,9,8,9,8,,9,3,6,9,9,,9,5
E09000016,Havering,8,7,,,8,,8,9,6,3,5,4,4,4,4,9,3,7,,5,7,9,4,,8,,6,5,8,,,9,7,8,,9,8,9,,7,,3,4,8,,,3,6,7,7,,5,,6,,3,,,,4,3,,6,7,,7,6,,,7,,7,5,,7,,4,4,9,9,7,,9,6,5,6,8,,,9,9,3,,6,5,3,,5,8,,66
E09000017,Hillingdon,,,8,3,7,3,3,4,9,9,3,5,,3,4,7,,7,,9,,,6,7,8,,3,8,,5,,5,6,,9,,9,8,,8,8,6,3,,7,,7,4,,8,5,,9,8,4,8,7,5,,,,8,,7,4,,8,4,3,,,6,5,7,,,8,6,3,,6,3,5,,,6,8,5,7,7,5,4,8,,4,6,9,4,9,7,484
E09000018,Hounslow,7,,9,,8,7,6,,,,,6,,5,9,6,,4,5,8,,9,9,7,8,,,,8,,4,9,,7,,5,7,5,,8,,,7,3,7,,4,,8,8,,7,6,7,3,,3,9,7,5,,8,9,,9,3,,6,,9,,,5,,7,6,,3,7,9,,6,6,,6,4,3,8,6,9,3,4,,6,,8,8,4,7,9,699
E09000019,Islington,3,6,5,9,8,3,8,5,7,7,5,9,9,9,6,3,,,9,7,,6,,3,3,7,6,,3,6,8,8,8,6,6,,6,7,7,9,7,7,3,3,7,,,7,9,,,,,8,,3,4,,9,5,,,6,,8,,,8,,9,,,,6,4,7,,,,,,5,6,4,9,,,,5,7,,,,,5,7,4,7,4,6,446
E09000020,Kensington and Chelsea,3,7,6,,5,4,,7,,,,,9,6,5,8,,5,9,9,,,,6,5,8,7,5,9,7,5,8,8,4,4,,,8,9,6,,,3,3,7,5,9,9,5,5,,6,3,4,3,5,,,3,7,,6,7,9,,,8,7,,,,9,7,3,7,5,7,5,8,4,8,,,4,8,9,,5,3,4,6,4,,,,3,9,,,,566
E09000021,Kingston upon Thames,,,8,,9,,9,9,,7,9,,,4,,4,8,,,,3,3,,6,8,6,,,7,3,,6,3,7,6,,8,8,5,,7,8,3,,7,8,,,5,9,4,6,4,,,4,3,3,8,6,4,9,7,7,9,,7,,,5,4,7,,9,7,,8,6,4,7,,8,,5,3,,9,,,3,,,9,7,6,4,7,8,4,,376
E09000022,Lambeth,7,,,,6,5,3,5,6,,,9,,9,9,3,,5,,6,6,7,,9,,7,8,5,5,5,6,7,5,,5,,8,,,7,6,,4,,6,3,9,,3,,,9,8,,9,7,7,7,,5,7,,9,5,3,7,,8,7,8,7,,,7,4,6,,3,6,8,,,6,,6,9,,,8,,8,9,8,,5,7,,,8,3,57
E09000023,Lewisham,,7,4,,,6,,,9,9,8,,3,7,,7,,4,,3,5,8,9,,,,9,6,,9,3,,,9,8,,6,,4,7,,6,7,,9,9,3,,9,,,6,3,,,3,3,5,,5,,6,9,8,6,,,8,6,4,5,5,8,6,7,7,7,,,7,3,9,3,9,4,4,,7,3,,6,7,5,,9,5,9,,,,78
E09000024,Merton,5,5,9,3,8,7,,5,5,6,,3,8,7,3,4,,7,,,,8,8,9,5,5,9,,,4,6,5,,4,,3,7,,8,9,4,7,4,7,7,5,3,,9,,6,6,,,8,5,8,,9,3,,9,,,7,6,,7,9,,8,,6,3,5,8,,,,7,3,6,,,,,9,,,8,,,,,,6,8,6,,7,336
E09000025,Newham,7,,9,3,7,7,7,3,,4,9,6,,,,7,9,,,4,6,4,9,,5,,,8,8,3,7,,6,,3,,4,9,,5,6,3,6,8,4,8,5,7,3,,6,9,3,9,5,,7,,,8,3,4,3,4,7,8,9,9,,,,4,3,6,7,7,,,8,9,8,,9,3,5,7,7,9,9,4,,6,6,7,6,,,7,9,,33
E09000026,Redbridge,8,3,,8,9,3,6,,,9,,4,,,,,6,5,4,9,5,,,,3,,7,9,5,3,,5,3,,7,,6,3,,4,9,4,,3,4,5,,,5,6,4,3,9,,4,8,,9,8,4,,5,7,,7,9,7,,6,3,,5,6,,,3,9,5,,3,9,7,6,,,,6,,,8,3,,6,,,3,,,,,88
E09000027,Richmond upon Thames,6,8,,,9,8,,4,,5,6,8,7,,5,6,,4,8,,5,,8,9,7,,4,6,3,,8,7,5,,7,9,5,7,6,,,8,9,4,,,5,6,7,4,8,3,,8,7,9,3,,9,,3,5,5,9,,6,,3,5,3,,4,4,,,5,,9,,7,,4,,8,,4,9,,4,,4,,8,,,,,5,5,4,343
E09000028,Southwark,3,6,6,,9,4,8,7,,8,6,8,,7,6,4,5,6,4,7,,6,9,4,9,6,3,,7,7,4,,6,5,,6,,,8,,7,5,7,,9,9,8,8,4,6,5,,,,3,5,8,,3,4,,7,,7,7,,4,4,4,,,4,,,6,9,,,3,3,,4,9,4,9,5,8,8,,5,5,9,6,,,,8,,5,,467
E09000029,Sutton,,,4,,,7,5,5,6,,,5,4,5,3,,4,,4,5,,8,4,4,,,3,3,7,,,,,,9,4,6,,,5,,6,,5,8,,8,3,4,4,9,5,4,,,6,5,9,9,,,6,9,3,,5,5,5,5,5,9,4,,,8,5,7,6,8,6,9,9,3,6,,7,5,5,3,8,,,3,,5,7,,,8,,44
E09000030,Tower Hamlets,,7,5,4,,,3,5,,3,8,9,,7,4,8,3,5,,4,,,,4,3,6,3,3,,9,6,,8,8,4,,,7,,6,6,,8,4,,,8,,8,9,5,4,3,8,9,8,,4,4,7,6,,3,5,6,,9,4,3,9,9,8,9,9,,,3,,6,6,7,4,3,7,8,9,6,3,6,,,9,7,8,4,7,3,,,,786
E09000031,Waltham Forest,7,,6,8,,3,,5,,5,9,6,6,8,,,3,9,3,5,,4,3,5,7,5,7,,7,8,8,,7,5,7,3,,9,7,6,3,7,3,,3,,4,6,,5,8,6,,5,3,,7,5,4,6,7,,,,,4,,,,9,8,,5,9,,,6,,,4,,,,9,,,5,8,5,4,,3,,,7,,9,7,4,3,685
E09000032,Wandsworth,,3,6,7,,9,5,,,,,8,7,,8,6,5,,8,3,5,9,,8,8,,,,,4,,5,,,6,4,,7,3,9,,7,4,,6,,,8,5,3,6,9,6,3,8,5,,9,5,4,,6,,5,3,8,3,9,4,7,,9,3,9,4,3,7,,8,7,5,8,6,3,8,9,7,7,,3,5,5,4,,7,4,6,,9,,45
E09000033,Westminster,,,,3,7,9,3,6,,3,,7,,8,,9,7,,6,,8,,5,6,,4,9,,6,4,8,6,,8,7,6,8,3,,7,5,3,,,,,4,,3,3,8,,5,3,,,8,5,7,4,7,3,9,,3,8,5,9,4,7,6,4,6,7,7,9,,6,7,,7,8,4,7,,4,5,9,5,3,4,9,3,,,5,6,5,6,9,45
W06000001,Isle of Anglesey,,3,8,9,8,3,5,5,8,3,7,3,3,6,,,9,8,3,,9,6,,5,,,7,9,6,,,8,,3,4,5,8,,7,4,,,,5,9,9,,,,3,8,3,,9,9,5,4,8,,8,7,4,,4,,8,4,7,6,,3,,7,9,4,6,,5,3,5,8,,,9,6,9,6,4,8,8,,6,3,,8,,3,5,,7,7
W06000002,Gwynedd,9,6,5,4,3,,7,3,5,9,4,3,3,5,,8,8,3,6,3,5,6,,,,,8,8,6,,,6,,5,,8,,5,6,9,3,7,,3,,,3,8,3,,,,,,,5,,8,5,4,6,4,,3,6,,3,3,,4,,,5,,9,3,,,8,5,4,9,7,,7,,3,7,,,4,,,4,,8,,,,,7
W06000003,Conwy,9,,,,9,6,,9,,9,,5,,8,9,3,8,7,7,,,6,,,3,8,4,8,,7,6,3,,9,3,6,8,,,,5,5,,4,,4,9,7,,,7,4,5,9,,4,4,,,,6,8,6,4,5,8,6,7,3,4,,9,6,4,5,9,,,4,9,,3,,3,7,,7,6,5,5,6,6,,,8,,9,8,9,3,473
W06000004,Denbighshire,5,4,7,,3,7,5,,4,,7,,8,3,9,4,6,3,5,,8,9,4,3,,3,,3,5,6,4,,6,4,7,9,,6,6,5,7,,3,3,7,,7,9,4,6,6,6,7,7,,4,7,3,9,6,9,8,4,,9,,,6,5,8,,,,5,6,9,8,4,9,8,3,,,,6,4,9,3,5,4,4,6,,3,5,,5,7,,9,48
W06000005,Flintshire,4,6,4,6,,,3,6,,3,3,,,9,3,5,5,6,,4,,7,,8,3,8,7,,,7,,5,,,,5,4,,5,,7,,6,5,,,7,,6,4,9,4,,7,,,8,7,,,6,6,,3,5,8,,,,9,8,5,,,9,8,8,5,,6,,,,,8,,7,5,7,,,7,,8,,,8,,7,5,556
W06000006,Wrexham,6,6,9,,,6,8,3,9,3,,6,6,6,8,,8,3,8,9,4,5,4,3,4,,,5,,7,6,7,6,,,3,5,4,4,,7,9,6,7,5,8,,5,8,9,4,4,3,7,7,5,5,8,6,,7,6,8,,,5,,8,8,,5,9,5,,9,,,,6,4,4,3,7,6,5,7,9,5,3,9,9,8,8,7,6,3,3,,,9,93
W06000008,Ceredigion,5,7,7,,,9,6,6,,,9,7,4,,9,5,8,7,5,9,9,,,,3,6,7,5,,,,3,7,,3,3,,8,6,7,,,,3,9,5,8,8,5,8,8,,,7,5,5,,3,,3,7,5,,,,,5,,8,8,7,7,7,,,7,5,3,5,4,9,,9,,,,,,5,,,,,5,7,5,4,,3,,5
W06000009,Pembrokeshire,9,8,,3,9,9,,8,9,,4,8,8,8,3,7,,,5,,,,9,,4,5,,4,,8,5,,7,6,8,,,3,6,7,8,6,,4,6,,,8,8,7,,,,7,8,9,6,9,5,,9,6,3,4,9,,,3,5,3,,,,,,7,3,5,3,3,8,8,,,8,,,7,9,,5,8,5,5,3,9,,5,,,349
W06000010,Carmarthenshire,,9,7,8,,4,7,,9,,,,4,4,6,6,3,5,6,9,5,,,,,6,4,,,6,7,,7,9,3,,,6,6,3,,9,6,,,8,9,,4,,3,3,7,,5,7,4,,,,8,5,3,8,7,,,8,5,,9,4,3,5,,7,4,,,6,,,3,5,4,6,7,3,,4,,3,4,7,,3,8,,6,8,9
W06000011,Swansea,3,8,,3,8,5,5,,,7,3,4,9,3,,,,,3,,6,,,5,,,9,5,8,9,,,6,,,5,4,3,9,4,7,9,,4,5,,,,,,,4,4,,,8,3,,7,,9,8,3,,9,5,,3,,6,4,,9,,9,3,5,7,9,7,6,,6,7,8,5,9,,,,8,7,,6,,5,8,,,4,56
W06000012,Neath Port Talbot,8,6,,5,5,9,7,5,4,3,5,8,5,5,,3,6,7,8,,4,5,4,7,3,4,,3,3,3,6,6,,9,3,,,7,,9,,,,5,9,4,,4,3,8,5,4,7,,8,6,,,3,8,,,6,7,4,,7,,6,,4,,8,8,7,3,,9,3,,,3,,6,,3,,4,9,4,,9,5,9,4,6,,6,9,4,8
W06000013,Bridgend,,3,,,9,6,4,5,8,8,9,4,,9,7,3,,,,6,7,3,5,8,6,7,,,3,,3,,,4,5,,,7,7,,,6,9,,5,3,8,,9,4,5,8,5,,5,3,7,6,,4,7,6,4,3,,3,3,5,9,6,9,8,7,,8,,8,,8,4,3,4,,9,,3,,,4,,,4,,7,4,8,,,6,,34
W06000014,Vale of Glamorgan,,5,7,6,5,,,4,,,5,8,9,9,,6,,,4,,,3,,8,6,,,,7,9,5,9,,8,,,5,9,,5,3,6,8,6,6,,9,,,3,,6,9,4,5,4,5,9,3,,7,4,5,9,6,,9,5,7,6,6,,6,9,,8,5,7,,4,,9,9,3,,5,9,8,,8,5,7,4,8,7,,,3,7,,43
W06000015,Cardiff,,4,3,4,7,9,3,,6,6,,,4,,5,,5,7,,8,5,8,,5,5,,3,,6,5,4,7,4,8,8,,,3,3,3,,6,8,7,5,4,,7,4,,4,5,3,7,6,,5,7,8,,,7,,,,3,8,8,5,6,,3,5,5,,9,,4,,,4,4,8,3,6,3,9,,,5,7,7,7,9,5,,7,,4,,569
W06000016,Rhondda Cynon Taf,,4,7,5,3,,7,5,3,4,4,,8,4,6,3,3,6,4,8,9,4,9,9,6,8,,4,8,,7,,9,,,,6,,7,8,8,,9,3,5,,8,,9,4,3,8,,6,4,6,3,,9,6,9,6,3,,8,8,,,4,4,3,,8,8,,,5,,,,8,,7,5,9,,3,,,,,8,9,4,8,,,,,5,347
W06000018,Caerphilly,,,6,6,,6,4,,5,3,5,,4,9,6,8,7,3,6,,9,8,,,4,,,,,4,8,6,,3,5,,,8,9,7,8,4,7,8,3,6,6,5,5,3,7,,,,8,,7,7,7,7,,,3,6,8,7,6,5,7,4,8,,8,,,8,,5,4,9,4,,6,5,9,,7,9,5,4,5,6,,3,,5,9,,,9,5
W06000019,Blaenau Gwent,,3,,7,,,,,,,,,3,,7,4,4,9,8,,5,,8,4,,,3,7,,5,,,5,4,,3,9,9,,,,5,,,8,9,,,5,5,,9,9,4,7,5,8,,6,6,,7,4,,3,3,,3,,4,,,5,,,9,9,,6,,4,3,4,7,,9,,6,7,3,,4,,9,4,9,,6,,9,636
W06000020,Torfaen,,4,3,,4,8,3,3,,4,,9,7,3,,,8,,7,8,,,9,3,3,6,7,9,9,6,5,,3,5,6,8,9,6,6,,7,7,,7,5,,6,,5,,,8,7,5,,6,5,,9,7,,,8,6,4,,9,3,8,,7,3,,,,,3,,6,,,6,5,9,,,9,5,5,4,9,,8,,4,7,6,8,,,75
W06000021,Monmouthshire,6,4,6,,9,,4,4,,6,7,9,5,5,5,,,4,5,4,5,5,6,6,4,3,6,6,,9,,9,7,,,5,5,8,,3,9,6,,7,,,5,,6,8,3,8,5,4,,3,7,,4,3,3,4,4,8,7,8,,8,6,8,8,3,7,7,8,3,8,,,3,,7,5,,,,9,3,9,5,9,8,,8,9,4,9,3,8,,43
W06000022,Newport,7,9,4,7,9,,5,,7,6,8,9,4,6,8,9,5,6,5,8,4,,8,9,3,5,8,,4,,3,4,,,7,7,,4,9,4,5,,9,3,9,,5,,3,3,6,3,,,4,,3,3,7,,7,8,8,7,3,6,6,,,,4,6,9,6,3,3,7,4,,4,4,7,,,4,,8,,,,,5,6,,,3,7,8,,3,494
W06000023,Powys,,,,4,5,7,5,,3,7,,6,6,,,7,7,4,5,7,3,,,3,,,,,,8,,6,,,,7,6,8,4,3,6,9,,3,5,7,,,,4,7,,,,8,4,6,,8,6,,5,,5,8,3,3,5,8,4,5,4,7,7,6,,,6,8,5,,7,7,7,7,,9,6,4,7,,4,3,7,9,7,8,8,6,,85
W06000024,Merthyr Tydfil,8,,,9,,7,6,,5,7,5,7,,,4,5,8,,9,6,7,5,,7,5,,5,8,,7,5,8,3,9,5,8,4,8,7,3,5,,5,6,8,,,,,,7,7,,,,6,,4,8,,3,,4,6,,9,,,6,,6,5,7,,,8,7,,9,8,,5,,,4,9,3,9,,6,,4,6,9,5,8,,9,4,8,439
